Local de residência (à data dos Censos 2021),Idade média (Ano) da população residente por Local de residência (à data dos Censos 2021); Decenal
Portugal,45.44
Continente,45.55
Norte,45.40
Alto Minho,48.18
Arcos de Valdevez,51.97
Aboim das Choças,53.43
Aguiã,50.28
Ázere,51.63
Cabana Maior,62.39
Cabreiro,61.93
Cendufe,48
Couto,55.82
Gavieira,61.25
Gondoriz,54.94
Jolda (São Paio),44.44
Miranda,62.15
Monte Redondo,50.91
Oliveira,45.93
Paçô,46.68
Padroso,57.16
Prozelo,53.03
Rio de Moinhos,57.48
Rio Frio,59.22
Sabadim,57.26
Senharei,60.94
Sistelo,62.51
Soajo,60.69
União das freguesias de Alvora e Loureda,56.72
"União das freguesias de Arcos de Valdevez (Salvador), Vila Fonche e Parada",44.97
União das freguesias de Arcos de Valdevez (São Paio) e Giela,45.54
União das freguesias de Eiras e Mei,58.58
União das freguesias de Grade e Carralcova,58
União das freguesias de Guilhadeses e Santar,46.85
União das freguesias de Jolda (Madalena) e Rio Cabrão,53.42
União das freguesias de Padreiro (Salvador e Santa Cristina),53.27
União das freguesias de Portela e Extremo,62.35
União das freguesias de São Jorge e Ermelo,55.72
União das freguesias de Souto e Tabaçô,47.76
União das freguesias de Távora (Santa Maria e São Vicente),52.05
"União das freguesias de Vilela, São Cosme e São Damião e Sá",55.52
Vale,54.11
Caminha,49.06
Âncora,46.48
Argela,47.99
Dem,51.34
Lanhelas,51.67
Riba de Âncora,50.87
Seixas,49.37
"União das freguesias de Arga (Baixo, Cima e São João)",63.72
União das freguesias de Caminha (Matriz) e Vilarelho,52.04
União das freguesias de Gondar e Orbacém,49.47
União das freguesias de Moledo e Cristelo,47.77
União das freguesias de Venade e Azevedo,48.25
Vila Praia de Âncora,47.41
Vilar de Mouros,48.37
Vile,48.90
Melgaço,55.94
Alvaredo,55.68
Cousso,64.37
Cristoval,59.60
Fiães,64.11
Gave,60.80
Paderne,56.11
Penso,56.50
São Paio,56.19
União das freguesias de Castro Laboreiro e Lamas de Mouro,65.05
União das freguesias de Chaviães e Paços,58.11
União das freguesias de Parada do Monte e Cubalhão,61.13
União das freguesias de Prado e Remoães,55.51
União das freguesias de Vila e Roussas,49.79
Monção,51.41
Abedim,55.80
Barbeita,53.87
Barroças e Taias,52.80
Bela,51.11
Cambeses,47.58
Lara,52.37
Longos Vales,54.34
Merufe,57
Moreira,52.48
Pias,50.80
Pinheiros,50.87
Podame,60.22
Portela,59.37
Riba de Mouro,59.36
Segude,51.29
Tangil,57.47
Trute,51.37
União das freguesias de Anhões e Luzio,64.52
União das freguesias de Ceivães e Badim,56.69
União das freguesias de Mazedo e Cortes,43.59
"União das freguesias de Messegães, Valadares e Sá",57.29
União das freguesias de Monção e Troviscoso,49.88
"União das freguesias de Sago, Lordelo e Parada",57.17
União das freguesias de Troporiz e Lapela,53.25
Paredes de Coura,49.41
Agualonga,52.20
Castanheira,46.15
Coura,52.62
Cunha,47.98
Infesta,50.88
Mozelos,53
Padornelo,48.11
Parada,47.83
Romarigães,48.45
Rubiães,51.09
União das freguesias de Bico e Cristelo,51.60
União das freguesias de Cossourado e Linhares,47.39
União das freguesias de Formariz e Ferreira,51.87
União das freguesias de Insalde e Porreiras,53.29
União das freguesias de Paredes de Coura e Resende,46.89
Vascões,50.05
Ponte da Barca,49.27
Azias,56.58
Boivães,50.48
Bravães,45.25
Britelo,54.77
Cuide de Vila Verde,47.32
Lavradas,49.57
Lindoso,56.69
Nogueira,49.47
Oleiros,48.33
Sampriz,51.24
"União das freguesias de Crasto, Ruivos e Grovelas",49.49
"União das freguesias de Entre Ambos-os-Rios, Ermida e Germil",55.03
"União das freguesias de Ponte da Barca, Vila Nova de Muía e Paço Vedro de Magalhães",47.11
União das freguesias de Touvedo (São Lourenço e Salvador),53.70
União das freguesias de Vila Chã (São João Baptista e Santiago),53.88
Vade (São Pedro),44.61
Vade (São Tomé),43.48
Ponte de Lima,46.26
Anais,43.87
Arca e Ponte de Lima,45.20
Arcozelo,45.92
"Ardegão, Freixo e Mato",48.27
Associação de freguesias do Vale do Neiva,49.49
Bárrio e Cepões,48.43
Beiral do Lima,52.86
Bertiandos,49.24
Boalhosa,50.23
Brandara,44.25
Cabaços e Fojo Lobal,46.40
Cabração e Moreira do Lima,50.97
Calheiros,44.60
Calvelo,47.86
Correlhã,45.03
Estorãos,54.94
Facha,44.41
Feitosa,38.55
Fontão,46.90
Fornelos e Queijada,44.81
Friastelas,45.34
Gandra,49.34
Gemieira,45.55
Gondufe,49.03
Labruja,47.89
"Labrujó, Rendufe e Vilar do Monte",54.33
Navió e Vitorino dos Piães,45.52
Poiares,45.62
Rebordões (Santa Maria),42.03
Rebordões (Souto),45.94
Refóios do Lima,49.48
Ribeira,46.57
Sá,48.67
Santa Comba,45.96
Santa Cruz do Lima,51.01
São Pedro d'Arcos,50.09
Seara,42.61
Serdedelo,48.09
Vitorino das Donas,46.74
Valença,46.91
Boivão,54.29
Cerdal,47.31
Fontoura,48.31
Friestas,48.96
Ganfei,48.62
São Pedro da Torre,47.42
União das freguesias de Gandra e Taião,47.41
União das freguesias de Gondomil e Sanfins,49.59
União das freguesias de São Julião e Silva,48.72
"União das freguesias de Valença, Cristelo Covo e Arão",44.67
Verdoejo,50.65
Viana do Castelo,46.69
Afife,52.02
Alvarães,47.36
Amonde,53.40
Anha,48.71
Areosa,46.60
Carreço,50.11
Castelo do Neiva,47.43
Chafé,42
Darque,43.58
Freixieiro de Soutelo,48.13
Lanheses,50.06
Montaria,56.27
Mujães,48.06
Outeiro,49.66
Perre,48.25
Santa Marta de Portuzelo,45.68
São Romão de Neiva,47.35
União das freguesias de Barroselas e Carvoeiro,47.02
União das freguesias de Cardielos e Serreleis,47.63
"União das freguesias de Geraz do Lima (Santa Maria, Santa Leocádia e Moreira) e Deão",48.14
União das freguesias de Mazarefes e Vila Fria,47.78
"União das freguesias de Nogueira, Meixedo e Vilar de Murteda",50.33
"União das freguesias de Subportela, Deocriste e Portela Susã",47.39
União das freguesias de Torre e Vila Mou,48.63
União das freguesias de Viana do Castelo (Santa Maria Maior e Monserrate) e Meadela,45.73
Vila de Punhe,48.65
Vila Franca,47.90
Vila Nova de Cerveira,47.23
Cornes,43.67
Covas,50.12
Gondarém,48.09
Loivo,45.88
Mentrestido,50.20
Sapardos,52.57
Sopo,51.84
União das freguesias de Campos e Vila Meã,44.04
União das freguesias de Candemil e Gondar,50.19
União das freguesias de Reboreda e Nogueira,45.38
União das freguesias de Vila Nova de Cerveira e Lovelhe,48.51
Cávado,43.57
Amares,44.49
Barreiros,45.58
Bico,38.08
Bouro (Santa Maria),51.73
Bouro (Santa Marta),49.46
Caires,43.60
Carrazedo,44.57
Dornelas,52.29
Fiscal,44.13
Goães,48.38
Lago,43.60
Rendufe,43.25
União das freguesias de Amares e Figueiredo,43.25
"União das freguesias de Caldelas, Sequeiros e Paranhos",51.63
"União das freguesias de Ferreiros, Prozelo e Besteiros",42.03
União das freguesias de Torre e Portela,47.16
"União das freguesias de Vilela, Seramil e Paredes Secas",46.70
Barcelos,43.92
Abade de Neiva,42.77
Aborim,44.72
Adães,44.23
Airó,43.22
Aldreu,45
Alvelos,44.85
Arcozelo,42.34
Areias,44.06
Balugães,45.09
Barcelinhos,43.90
Barqueiros,44.91
Cambeses,44.59
Carapeços,42.55
Carvalhal,48.29
Carvalhas,43.55
Cossourado,45.46
Cristelo,44.34
Fornelos,42.90
Fragoso,43.80
Galegos (Santa Maria),42.65
Galegos (São Martinho),43.59
Gilmonde,44.17
Lama,45.57
Lijó,41.66
Macieira de Rates,42.66
Manhente,43.82
Martim,41.75
Moure,41.56
Oliveira,44.50
Palme,42.28
Panque,44.92
Paradela,43.01
Pereira,43.05
Perelhal,43.19
Pousa,42.26
Remelhe,44.66
Rio Covo (Santa Eugénia),42.86
Roriz,43.80
Silva,47.10
Tamel (São Veríssimo),46
Ucha,42.13
União das freguesias de Alheira e Igreja Nova,46.93
União das freguesias de Alvito (São Pedro e São Martinho) e Couto,43.43
União das freguesias de Areias de Vilar e Encourados,46.05
"União das freguesias de Barcelos, Vila Boa e Vila Frescainha (São Martinho e São Pedro)",45.15
União das freguesias de Campo e Tamel (São Pedro Fins),44.62
União das freguesias de Carreira e Fonte Coberta,43.60
"União das freguesias de Chorente, Góios, Courel, Pedra Furada e Gueral",44.45
União das freguesias de Creixomil e Mariz,46.86
União das freguesias de Durrães e Tregosa,46.91
União das freguesias de Gamil e Midões,43.13
"União das freguesias de Milhazes, Vilar de Figos e Faria",44.23
União das freguesias de Negreiros e Chavão,43.70
União das freguesias de Quintiães e Aguiar,44.96
União das freguesias de Sequeade e Bastuço (São João e Santo Estevão),43.35
União das freguesias de Silveiros e Rio Covo (Santa Eulália),43.70
União das freguesias de Tamel (Santa Leocádia) e Vilar do Monte,43.88
"União das freguesias de Viatodos, Grimancelos, Minhotães e Monte de Fralães",45.25
União das freguesias de Vila Cova e Feitos,44.23
Várzea,41.31
Vila Seca,46.06
Braga,42.82
Adaúfe,45.69
Braga (São Vicente),42.74
Braga (São Vítor),41.78
Espinho,45.49
Esporões,43.16
Figueiredo,43.87
Gualtar,40.29
Lamas,41.15
Mire de Tibães,45.76
Padim da Graça,44.57
Palmeira,43.53
Pedralva,43.94
Priscos,44.65
Ruilhe,44.01
Sequeira,46.49
Sobreposta,41.80
Tadim,41.40
Tebosa,44.32
União das freguesias de Arentim e Cunha,46.41
"União das freguesias de Braga (Maximinos, Sé e Cividade)",44.11
União das freguesias de Braga (São José de São Lázaro e São João do Souto),46.88
União das freguesias de Cabreiros e Passos (São Julião),46.06
"União das freguesias de Celeirós, Aveleda e Vimieiro",43.40
União das freguesias de Crespos e Pousada,45.74
União das freguesias de Escudeiros e Penso (Santo Estêvão e São Vicente),43.87
União das freguesias de Este (São Pedro e São Mamede),42.85
União das freguesias de Ferreiros e Gondizalves,41.01
União das freguesias de Guisande e Oliveira (São Pedro),42.15
União das freguesias de Lomar e Arcos,41.98
"União das freguesias de Merelim (São Paio), Panoias e Parada de Tibães",43.68
União das freguesias de Merelim (São Pedro) e Frossos,42.95
União das freguesias de Morreira e Trandeiras,43.44
"União das freguesias de Nogueira, Fraião e Lamaçães",40.63
União das freguesias de Nogueiró e Tenões,42.07
"União das freguesias de Real, Dume e Semelhe",40.32
União das freguesias de Santa Lucrécia de Algeriz e Navarra,45.09
União das freguesias de Vilaça e Fradelos,44.81
Esposende,43.77
Antas,45.47
Forjães,44.45
Gemeses,44.52
União das freguesias de Apúlia e Fão,43.91
União das freguesias de Belinho e Mar,44.72
"União das freguesias de Esposende, Marinhas e Gandra",42.81
União das freguesias de Fonte Boa e Rio Tinto,45.24
União das freguesias de Palmeira de Faro e Curvos,43.07
Vila Chã,44.74
Terras de Bouro,49.37
Balança,50.28
Campo do Gerês,48.63
Carvalheira,54.75
Covide,56.61
Gondoriz,48.82
Moimenta,46.73
Ribeira,48.01
Rio Caldo,48.29
Souto,47.19
União das freguesias de Chamoim e Vilar,51.50
União das freguesias de Chorense e Monte,47.82
União das freguesias de Cibões e Brufe,53.43
Valdosende,50.01
Vilar da Veiga,48.60
Vila Verde,44.53
Aboim da Nóbrega e Gondomar,51.49
Atiães,48.28
Cabanelas,42.38
Cervães,45.65
Coucieiro,46.64
Dossãos,46.41
Freiriz,45.70
Gême,44.54
Lage,40.41
Lanhas,47.41
Loureira,43.91
Moure,43.49
Oleiros,43.25
Parada de Gatim,43.73
Pico,47.41
Ponte,45.59
Prado (São Miguel),46.23
Sabariz,42.85
Soutelo,42.74
Turiz,40.81
União das freguesias da Ribeira do Neiva,47.51
União das freguesias de Carreiras (São Miguel) e Carreiras (Santiago),45.05
União das freguesias de Escariz (São Mamede) e Escariz (São Martinho),50.41
"União das freguesias de Esqueiros, Nevogilde e Travassós",45.86
União das freguesias de Marrancos e Arcozelo,46.86
União das freguesias de Oriz (Santa Marinha) e Oriz (São Miguel),48.15
"União das freguesias de Pico de Regalados, Gondiães e Mós",45.28
"União das freguesias de Sande, Vilarinho, Barros e Gomide",45.33
"União das freguesias de Valbom (São Pedro), Passô e Valbom (São Martinho)",51.24
União das freguesias do Vade,47.85
Valdreu,56.43
Vila de Prado,43.87
Vila Verde e Barbudo,41.95
Ave,44.55
Cabeceiras de Basto,45.48
Abadim,47.83
Basto,39.83
Bucos,50.57
Cabeceiras de Basto,48.29
Cavez,51.98
Faia,46.65
Pedraça,46.80
Rio Douro,51.11
União das freguesias de Alvite e Passos,44
União das freguesias de Arco de Baúlhe e Vila Nune,45.57
União das freguesias de Gondiães e Vilar de Cunhas,55.04
"União das freguesias de Refojos de Basto, Outeiro e Painzela",43.09
Fafe,45.71
Armil,45.33
Arões (Santa Cristina),42.05
Arões (São Romão),42.50
Estorãos,46.59
Fafe,44.95
Fornelos,45.82
Golães,44.41
Medelo,46.87
Paços,45.15
Quinchães,45.66
Regadas,47.25
Revelhe,44.33
Ribeiros,45.74
São Gens,46.64
Silvares (São Martinho),47.11
Travassós,47.17
"União de freguesias de Aboim, Felgueiras, Gontim e Pedraído",50.96
União de freguesias de Agrela e Serafão,46.61
União de freguesias de Antime e Silvares (São Clemente),46.81
"União de freguesias de Ardegão, Arnozela e Seidões",48.14
União de freguesias de Cepães e Fareja,43.76
União de freguesias de Freitas e Vila Cova,49.16
União de freguesias de Monte e Queimadela,53.11
União de freguesias de Moreira do Rei e Várzea Cova,50.29
Vinhós,48.05
Guimarães,44.22
Aldão,40.03
Azurém,44.43
Barco,42.32
Brito,43.08
Caldelas,42.49
Candoso (São Martinho),47.77
Costa,40.65
Creixomil,45.57
Fermentões,41.64
Gonça,43.98
Gondar,44.97
Guardizela,46.77
Infantas,42.61
Longos,42.91
Lordelo,47.29
Mesão Frio,43.60
Moreira de Cónegos,46.82
Nespereira,44.93
Pencelo,45.61
Pinheiro,44.68
Polvoreira,46.36
Ponte,41.49
Prazins (Santa Eufémia),41.26
Ronfe,44.14
Sande (São Martinho),45.59
São Torcato,45.65
Selho (São Cristóvão),45.60
Selho (São Jorge),44.14
Serzedelo,46.20
Silvares,44.40
União das freguesias de Abação e Gémeos,41.29
"União das freguesias de Airão Santa Maria, Airão São João e Vermil",46.69
União das freguesias de Arosa e Castelões,49.04
União das freguesias de Atães e Rendufe,41.70
União das freguesias de Briteiros Santo Estêvão e Donim,43.75
União das freguesias de Briteiros São Salvador e Briteiros Santa Leocádia,43.82
União das freguesias de Candoso São Tiago e Mascotelos,42
União das freguesias de Conde e Gandarela,43.53
"União das freguesias de Leitões, Oleiros e Figueiredo",43.36
"União das freguesias de Oliveira, São Paio e São Sebastião",49.32
União das freguesias de Prazins Santo Tirso e Corvite,39.78
União das freguesias de Sande São Lourenço e Balazar,42.65
União das freguesias de Sande Vila Nova e Sande São Clemente,45.49
União das freguesias de Selho São Lourenço e Gominhães,42.66
União das freguesias de Serzedo e Calvos,41.68
"União das freguesias de Souto Santa Maria, Souto São Salvador e Gondomar",43.58
União das freguesias de Tabuadelo e São Faustino,43.52
Urgezes,44.78
Mondim de Basto,48.68
Atei,46.08
Bilhó,52.82
São Cristóvão de Mondim de Basto,47.51
União das freguesias de Campanhó e Paradança,49.64
União das freguesias de Ermelo e Pardelhas,59.02
Vilar de Ferreiros,48.91
Póvoa de Lanhoso,45.45
Covelas,46.81
Ferreiros,44.54
Galegos,47.31
Garfe,45.34
Geraz do Minho,44.88
Lanhoso,44.06
Monsul,47.51
Póvoa de Lanhoso (Nossa Senhora do Amparo),42.70
Rendufinho,44.20
Santo Emilião,45.89
São João de Rei,45.34
Serzedelo,49.99
Sobradelo da Goma,53.43
Taíde,44.65
Travassos,49.82
União das freguesias de Águas Santas e Moure,45.84
União das freguesias de Calvos e Frades,46.82
União das freguesias de Campos e Louredo,44.17
União das freguesias de Esperança e Brunhais,54.03
União das freguesias de Fonte Arcada e Oliveira,45.18
"União das freguesias de Verim, Friande e Ajude",47.27
Vilela,44.17
Vieira do Minho,49.67
Cantelães,51.21
Eira Vedra,49.28
Guilhofrei,49.88
Louredo,52.11
Mosteiro,48.53
Parada de Bouro,53.10
Pinheiro,50.79
Rossas,50.92
Salamonde,55.88
Tabuaças,45.90
União das freguesias de Anissó e Soutelo,51.38
União das freguesias de Anjos e Vilar do Chão,52.56
União das freguesias de Caniçada e Soengas,49.44
União das freguesias de Ruivães e Campos,55.16
União das freguesias de Ventosa e Cova,49.67
Vieira do Minho,45.43
Vila Nova de Famalicão,43.90
Bairro,48.74
Brufe,45.28
Castelões,43.43
Cruz,44.46
Delães,45.22
Fradelos,40.89
Gavião,45.73
Joane,43.09
Landim,44.56
Louro,45.19
Lousado,44.38
Mogege,42.65
Nine,42.90
Oliveira (Santa Maria),44.87
Oliveira (São Mateus),48.01
Pedome,44.48
Pousada de Saramagos,42.94
Requião,44.49
Riba de Ave,46.53
Ribeirão,42.08
União das freguesias de Antas e Abade de Vermoim,41.50
União das freguesias de Arnoso (Santa Maria e Santa Eulália) e Sezures,43.69
União das freguesias de Avidos e Lagoa,44.09
União das freguesias de Carreira e Bente,47.10
União das freguesias de Esmeriz e Cabeçudos,43.01
"União das freguesias de Gondifelos, Cavalões e Outiz",42.80
"União das freguesias de Lemenhe, Mouquim e Jesufrei",44.97
União das freguesias de Ruivães e Novais,46.35
União das freguesias de Seide,44.33
"União das freguesias de Vale (São Cosme), Telhado e Portela",44.35
União das freguesias de Vila Nova de Famalicão e Calendário,43.40
Vale (São Martinho),43.96
Vermoim,44.76
Vilarinho das Cambas,41.08
Vizela,42.90
Infias,43.24
Santa Eulália,41.90
União das freguesias de Caldas de Vizela (São Miguel e São João),44.29
União das freguesias de Tagilde e Vizela (São Paio),39.94
Vizela (Santo Adrião),42.59
Área Metropolitana do Porto,44.99
Arouca,45.85
Alvarenga,52.57
Chave,46.64
Escariz,44.21
Fermedo,45.94
Mansores,42.96
Moldes,47.01
Rossas,45.84
Santa Eulália,44.64
São Miguel do Mato,46.13
Tropeço,44.55
União das freguesias de Arouca e Burgo,45.41
União das freguesias de Cabreiros e Albergaria da Serra,54.17
União das freguesias de Canelas e Espiunca,45.52
União das freguesias de Covelo de Paivó e Janarde,55.83
Urrô,47.62
Várzea,43.47
Espinho,48.43
Espinho,48.93
Paramos,48.43
Silvalde,47.98
União das freguesias de Anta e Guetim,48.21
Gondomar,44.88
Baguim do Monte (Rio Tinto),44.02
Lomba,51.54
Rio Tinto,44.82
União das freguesias de Fânzeres e São Pedro da Cova,43.94
União das freguesias de Foz do Sousa e Covelo,47.47
"União das freguesias de Gondomar (São Cosme), Valbom e Jovim",45.26
União das freguesias de Melres e Medas,46.10
Maia,43.60
Águas Santas,43.64
Castêlo da Maia,42.76
Cidade da Maia,44.03
Folgosa,43.62
Milheirós,44
Moreira,42.26
Nogueira e Silva Escura,42.02
Pedrouços,45.14
São Pedro Fins,44.90
Vila Nova da Telha,44.56
Matosinhos,45.53
"União das freguesias de Custóias, Leça do Balio e Guifões",45.60
União das freguesias de Matosinhos e Leça da Palmeira,45.34
"União das freguesias de Perafita, Lavra e Santa Cruz do Bispo",45.03
União das freguesias de São Mamede de Infesta e Senhora da Hora,45.94
Oliveira de Azeméis,46.12
Carregosa,44.78
Cesar,44.63
Fajões,45.54
Loureiro,45.45
Macieira de Sarnes,47.13
Ossela,48.16
São Martinho da Gândara,47.58
São Roque,46.55
União das freguesias de Nogueira do Cravo e Pindelo,46.25
"União das freguesias de Oliveira de Azeméis, Santiago de Riba-Ul, Ul, Macinhata da Seixa e Madail",45.46
"União das freguesias de Pinheiro da Bemposta, Travanca e Palmaz",46.57
Vila de Cucujães,47.41
Paredes,42.08
Aguiar de Sousa,44.46
Astromil,40.40
Baltar,42.91
Beire,42.63
Cete,42.86
Cristelo,40.71
Duas Igrejas,39.98
Gandra,40.64
Lordelo,43.44
Louredo,42.42
Parada de Todeia,42.68
Paredes,41.21
Rebordosa,42.96
Recarei,44.50
Sobreira,43.36
Sobrosa,43.47
Vandoma,40.75
Vilela,40.13
Porto,46.62
Bonfim,48.42
Campanhã,47.14
Paranhos,46.30
Ramalde,45.34
"União das freguesias de Aldoar, Foz do Douro e Nevogilde",46.42
"União das freguesias de Cedofeita, Santo Ildefonso, Sé, Miragaia, São Nicolau e Vitória",47.53
União das freguesias de Lordelo do Ouro e Massarelos,45.89
Póvoa de Varzim,43.97
Balazar,42.69
Estela,42.96
Laundos,44.56
Rates,43.17
"União das freguesias da Póvoa de Varzim, Beiriz e Argivai",44.27
União das freguesias de Aguçadoura e Navais,44.43
"União das freguesias de Aver-o-Mar, Amorim e Terroso",43.49
Santa Maria da Feira,44.80
Argoncilhe,45.20
Arrifana,47
Escapães,44.44
Fiães,47.11
Fornos,43.05
Lourosa,46.30
Milheirós de Poiares,45.06
Mozelos,43.46
Nogueira da Regedoura,43.80
Paços de Brandão,46.18
Rio Meão,45.55
Romariz,46.97
Sanguedo,44.12
Santa Maria de Lamas,46.50
São João de Ver,42.75
São Paio de Oleiros,47.56
União das freguesias de Caldas de São Jorge e Pigeiros,47.05
"União das freguesias de Canedo, Vale e Vila Maior",44.73
"União das freguesias de Lobão, Gião, Louredo e Guisande",44.37
"União das freguesias de Santa Maria da Feira, Travanca, Sanfins e Espargo",42.42
União de freguesias de São Miguel de Souto e Mosteirô,46.34
Santo Tirso,46.83
Agrela,46.88
Água Longa,43.81
Aves,47.12
Monte Córdova,43.95
Negrelos (São Tomé),48.48
Rebordões,48.94
Reguenga,48.19
Roriz,46.69
"União das freguesias de Areias, Sequeiró, Lama e Palmeira",48.23
Vila Nova do Campo,46.23
União das freguesias de Carreira e Refojos de Riba de Ave,46.20
União das freguesias de Lamelas e Guimarei,46.68
"União das freguesias de Santo Tirso, Couto (Santa Cristina e São Miguel) e Burgães",47.36
Vilarinho,43.20
São João da Madeira,45.46
São João da Madeira,45.46
Trofa,44.07
Covelas,45.42
Muro,45.63
União das freguesias de Alvarelhos e Guidões,44.36
União das freguesias de Bougado (São Martinho e Santiago),44.23
União das freguesias de Coronado (São Romão e São Mamede),43.01
Vale de Cambra,48.37
Arões,56.81
Cepelos,51.48
Junqueira,52.90
Macieira de Cambra,47.91
Roge,50.07
São Pedro de Castelões,47.50
"União das freguesias de Vila Chã, Codal e Vila Cova de Perrinho",46.17
Valongo,43.53
Alfena,43.87
Ermesinde,45.16
União das freguesias de Campo e Sobrado,43.56
Valongo,40.86
Vila do Conde,43.95
Árvore,42.82
Aveleda,46.49
Azurara,43.01
Fajozes,45.13
Gião,43.81
Guilhabreu,45.41
Junqueira,45.55
Labruge,44.69
Macieira da Maia,41.19
Mindelo,44.30
Modivas,45.95
"União das freguesias de Bagunte, Ferreiró, Outeiro Maior e Parada",45.22
União das freguesias de Fornelo e Vairão,44.99
União das freguesias de Malta e Canidelo,43.79
União das freguesias de Retorta e Tougues,43.05
União das freguesias de Rio Mau e Arcos,43.71
União das freguesias de Touguinha e Touguinhó,43.26
União das freguesias de Vilar e Mosteiró,46.39
Vila Chã,44.52
Vila do Conde,43.47
Vilar de Pinheiro,45.10
Vila Nova de Gaia,44.73
Arcozelo,44.47
Avintes,45.49
Canelas,41.88
Canidelo,44.09
Madalena,45.08
Oliveira do Douro,44.75
São Félix da Marinha,44.37
União das freguesias de Grijó e Sermonde,44.31
União das freguesias de Gulpilhares e Valadares,44.50
União das freguesias de Mafamude e Vilar do Paraíso,46.04
União das freguesias de Pedroso e Seixezelo,44.31
"União das freguesias de Sandim, Olival, Lever e Crestuma",45.77
União das freguesias de Santa Marinha e São Pedro da Afurada,45.16
União das freguesias de Serzedo e Perosinho,44.71
Vilar de Andorinho,43.22
Alto Tâmega,52.15
Boticas,53.39
Alturas do Barroso e Cerdedo,57.19
Ardãos e Bobadela,54
Beça,50.73
Boticas e Granja,50.11
"Codessoso, Curros e Fiães do Tâmega",53.04
Covas do Barroso,57.71
Dornelas,59.33
Pinho,54.94
Sapiãos,56.17
Vilar e Viveiro,57.05
Chaves,50.60
Águas Frias,53.05
Anelhe,47.96
Bustelo,48.06
Cimo de Vila da Castanheira,57.88
Curalha,50.15
Ervededo,58.80
Faiões,53.36
Lama de Arcos,60.34
Mairos,56.66
Moreiras,53.10
Nogueira da Montanha,56.72
Oura,51.42
Outeiro Seco,48.55
Paradela,55.34
Planalto de Monforte (União das freguesias de Oucidres e Bobadela),63.47
Redondelo,50.22
Sanfins,61.03
Santa Leocádia,60.26
Santa Maria Maior,46.50
Santo António de Monforte,54.14
Santo Estêvão,51.23
São Pedro de Agostém,49.24
São Vicente,68.08
Tronco,59.40
União das freguesias da Madalena e Samaiões,52.45
"União das freguesias das Eiras, São Julião de Montenegro e Cela",54.08
União das freguesias de Calvão e Soutelinho da Raia,62.43
União das freguesias de Loivos e Póvoa de Agrações,55.31
União das freguesias de Santa Cruz/Trindade e Sanjurge,46.15
União das freguesias de Soutelo e Seara Velha,54.69
União das freguesias de Travancas e Roriz,63.10
Vale de Anta,49.23
"Vidago (União das freguesias de Vidago, Arcossó, Selhariz e Vilarinho das Paranheiras)",53.15
Vila Verde da Raia,52.07
Vilar de Nantes,50.40
Vilarelho da Raia,60.56
Vilas Boas,52.74
Vilela do Tâmega,51.46
Vilela Seca,58.69
Montalegre,54.89
Cabril,53.96
Cervos,57.39
Chã,53.29
Covelo do Gerês,49.33
Ferral,56.80
Gralhas,63.43
Morgade,57.09
Negrões,54.92
Outeiro,53.01
Pitões das Junias,55.09
Reigoso,63.62
Salto,52.94
Santo André,59.25
Sarraquinhos,58.59
Solveira,57.17
Tourém,60.75
"União das freguesias de Cambeses do Rio, Donões e Mourilhe",55.62
União das freguesias de Meixedo e Padornelos,58.38
União das freguesias de Montalegre e Padroso,50.28
"União das freguesias de Paradela, Contim e Fiães",56.54
União das freguesias de Sezelhe e Covelães,59.07
União das freguesias de Venda Nova e Pondras,56.41
União das freguesias de Viade de Baixo e Fervidelas,54.24
União das freguesias de Vilar de Perdizes e Meixide,61.40
Vila da Ponte,59.56
Ribeira de Pena,50.44
Alvadia,57.34
Canedo,59.69
Santa Marinha,50.45
União das freguesias de Cerva e Limões,49.28
União das freguesias de Ribeira de Pena (Salvador) e Santo Aleixo de Além-Tâmega,50.05
Valpaços,54.61
Água Revés e Crasto,61.26
Algeriz,58.02
Bouçoães,62.71
Canaveses,61.79
Carrazedo de Montenegro e Curros,52.93
Ervões,56.24
Fornos do Pinhal,53.96
Friões,62.94
"Lebução, Fiães e Nozelos",58.98
Padrela e Tazem,55.33
Possacos,55.56
Rio Torto,59.35
Santa Maria de Emeres,60.08
Santa Valha,58.80
Santiago da Ribeira de Alhariz,62.08
São João da Corveira,56.82
São Pedro de Veiga de Lila,59.76
Serapicos,59.29
Sonim e Barreiros,62.15
Tinhela e Alvarelhos,60.02
Vales,64.48
Valpaços e Sanfins,47.62
Vassal,64.19
Veiga de Lila,56.91
Vilarandelo,54.02
Vila Pouca de Aguiar,52.18
Alfarela de Jales,54.35
Alvão,53.38
Bornes de Aguiar,51.59
Bragado,58.07
Capeludos,60.59
Sabroso de Aguiar,49.39
Soutelo de Aguiar,51.04
Telões,51.70
Tresminas,59.17
União das freguesias de Pensalvos e Parada de Monteiros,59.22
Valoura,53.19
Vila Pouca de Aguiar,49.20
Vreia de Bornes,52.90
Vreia de Jales,53.10
Tâmega e Sousa,43.74
Amarante,45.52
Ansiães,54.78
Candemil,52.32
Fregim,43.82
Fridão,47.18
Gondar,46.61
Gouveia (São Simão),47.73
Jazente,51.84
Lomba,44.16
Louredo,43.69
Lufrei,46.13
Mancelos,45.59
Padronelo,49.22
Rebordelo,47.62
Salvador do Monte,48.75
Telões,44.25
Travanca,44.25
"União das freguesias de Aboadela, Sanche e Várzea",46.64
"União das freguesias de Amarante (São Gonçalo), Madalena, Cepelos e Gatão",45.12
"União das freguesias de Bustelo, Carneiro e Carvalho de Rei",50.92
União das freguesias de Figueiró (Santiago e Santa Cristina),44.43
União das freguesias de Freixo de Cima e de Baixo,44.50
União das freguesias de Olo e Canadelo,50.68
Vila Meã,45.60
"União das freguesias de Vila Garcia, Aboim e Chapa",44.58
Vila Caiz,43.44
Vila Chã do Marão,47.96
Baião,46.40
Frende,49.79
Gestaçô,48.44
Gove,43.76
Grilo,44.79
Loivos do Monte,47.70
Santa Marinha do Zêzere,45.88
União das freguesias de Ancede e Ribadouro,46.58
União das freguesias de Baião (Santa Leocádia) e Mesquinhata,46.88
União das freguesias de Campelo e Ovil,44.70
União das freguesias de Loivos da Ribeira e Tresouras,47.64
União das freguesias de Santa Cruz do Douro e São Tomé de Covelas,49.72
União das freguesias de Teixeira e Teixeiró,49.71
Valadares,44.73
Viariz,46.86
Castelo de Paiva,44.97
Fornos,45.87
Real,44.39
Santa Maria de Sardoura,44.86
São Martinho de Sardoura,43.11
"União das freguesias de Raiva, Pedorido e Paraíso",46.64
União das freguesias de Sobrado e Bairros,44.19
Celorico de Basto,46.35
Agilde,43.47
Arnóia,48.36
Basto (São Clemente),45.86
Borba de Montanha,47.90
Codeçoso,54.61
Fervença,46.80
Moreira do Castelo,44.98
Rego,47.77
Ribas,49.15
"União das freguesias de Britelo, Gémeos e Ourilhe",43.98
União das freguesias de Caçarilhe e Infesta,48.47
União das freguesias de Canedo de Basto e Corgo,46.92
União das freguesias de Carvalho e Basto (Santa Tecla),44.04
"União das freguesias de Veade, Gagos e Molares",47.52
Vale de Bouro,45.08
Cinfães,47.17
Cinfães,45.86
Espadanedo,45.41
Ferreiros de Tendais,50.93
Fornelos,47.48
Moimenta,48.27
Nespereira,50.74
Oliveira do Douro,48.79
Santiago de Piães,44.60
São Cristóvão de Nogueira,46.42
Souselo,45.89
Tarouquela,45.99
Tendais,52.99
Travanca,46
"União das freguesias de Alhões, Bustelo, Gralheira e Ramires",51.69
Felgueiras,43.24
Aião,41.69
Airães,44.61
Friande,41.17
Idães,41.57
Jugueiros,43.44
Penacova,43.48
Pinheiro,40.78
Pombeiro de Ribavizela,43.03
Refontoura,43.38
Regilde,44.08
Revinhade,41.46
Sendim,42.77
União das freguesias de Macieira da Lixa e Caramos,43.84
"União das freguesias de Margaride (Santa Eulália), Várzea, Lagares, Varziela e Moure",43.27
"União das freguesias de Pedreira, Rande e Sernande",42.69
União das freguesias de Torrados e Sousa,42.74
União das freguesias de Unhão e Lordelo,43.90
União das freguesias de Vila Cova da Lixa e Borba de Godim,43.95
União das freguesias de Vila Fria e Vizela (São Jorge),43.67
União das freguesias de Vila Verde e Santão,46.30
Lousada,41.54
Aveleda,40.17
Caíde de Rei,43.42
Lodares,40.08
Macieira,42.84
Meinedo,44.54
Nevogilde,41.60
Sousela,41.31
Torno,41.71
União das freguesias de Cernadelo e Lousada (São Miguel e Santa Margarida),42.81
"União das freguesias de Cristelos, Boim e Ordem",40.74
União das freguesias de Figueiras e Covas,40.76
União das freguesias de Lustosa e Barrosas (Santo Estêvão),39.87
União das freguesias de Nespereira e Casais,41.93
"União das freguesias de Silvares, Pias, Nogueira e Alvarenga",41.40
Vilar do Torno e Alentém,43.39
Marco de Canaveses,43.32
"Alpendorada, Várzea e Torrão",41.68
Avessadas e Rosém,43.44
Banho e Carvalhosa,46.62
Bem Viver,42.92
Constance,43.45
Marco,42.09
Paredes de Viadores e Manhuncelos,43.20
Penha Longa e Paços de Gaiolo,44.58
Sande e São Lourenço do Douro,44.64
Santo Isidoro e Livração,48.72
Soalhães,44.26
Sobretâmega,42.72
Tabuado,44.18
"Várzea, Aliviada e Folhada",46.23
Vila Boa de Quires e Maureles,42.71
Vila Boa do Bispo,43.37
Paços de Ferreira,42.06
Carvalhosa,41.67
Eiriz,41.42
Ferreira,41.07
Figueiró,41.98
Frazão Arreigada,43.57
Freamunde,42.87
Meixomil,42
Paços de Ferreira,41.02
Penamaior,42.15
Raimonda,42.94
Sanfins Lamoso Codessos,41.59
Seroa,42.86
Penafiel,42.93
Abragão,42.33
Boelhe,41.84
Bustelo,43.83
Cabeça Santa,42.65
Canelas,44.33
Capela,43.07
Castelões,44.29
Croca,41.79
Duas Igrejas,41.19
Eja,45.44
Fonte Arcada,43.31
Galegos,41.11
Guilhufe e Urrô,43.71
Irivo,43.44
Lagares e Figueira,41.84
Luzim e Vila Cova,42.82
Oldrões,40.64
Paço de Sousa,44
Penafiel,43.69
Perozelo,40.43
Rans,40.07
Recezinhos (São Mamede),43.51
Recezinhos (São Martinho),43.13
Rio de Moinhos,43.75
Rio Mau,45.24
Sebolido,44.02
Termas de São Vicente,42.92
Valpedre,39.64
Resende,47.43
Barrô,54.12
Cárquere,44.78
Paus,51.50
Resende,44.99
São Cipriano,48.61
São João de Fontoura,49.60
São Martinho de Mouros,50.54
União das freguesias de Anreade e São Romão de Aregos,45
União das freguesias de Felgueiras e Feirão,47.84
União das freguesias de Freigil e Miomães,47.18
União das freguesias de Ovadas e Panchorra,51.02
Douro,49.07
Alijó,51.35
Alijó,46.93
Favaios,51.85
Pegarinhos,49.81
Pinhão,47.50
Sanfins do Douro,51.96
Santa Eugénia,57.17
São Mamede de Ribatua,54.58
União das freguesias de Carlão e Amieiro,59.24
União das freguesias de Castedo e Cotas,49.80
União das freguesias de Pópulo e Ribalonga,55.47
"União das freguesias de Vale de Mendiz, Casal de Loivos e Vilarinho de Cotas",47.89
Vila Chã,53.25
Vila Verde,54.70
Vilar de Maçada,54.75
Armamar,50.53
Aldeias,50.68
Armamar,45.57
Cimbres,48.58
Folgosa,53.58
Fontelo,48.96
Queimada,56.36
Queimadela,52.48
Santa Cruz,48.94
São Cosmado,58.50
São Martinho das Chãs,48.31
União das freguesias de Aricera e Goujoim,52.66
União das freguesias de São Romão e Santiago,51.92
União das freguesias de Vila Seca e Santo Adrião,55.80
Vacalar,51.59
Carrazeda de Ansiães,53.05
Carrazeda de Ansiães,46.07
Fonte Longa,56.59
Linhares,58.70
Marzagão,49.29
Parambos,55.21
Pereiros,58.76
Pinhal do Norte,59.93
Pombal,61.90
Seixo de Ansiães,56.09
União das freguesias de Amedo e Zedes,51.29
União das freguesias de Belver e Mogo de Malta,52.07
União das freguesias de Castanheiro do Norte e Ribalonga,55.70
"União das freguesias de Lavandeira, Beira Grande e Selores",59.82
Vilarinho da Castanheira,59.57
Freixo de Espada à Cinta,52.76
Ligares,58.09
Poiares,54.56
União das freguesias de Freixo de Espada à Cinta e Mazouco,50.22
União das freguesias de Lagoaça e Fornos,59.56
Lamego,48.23
Avões,47.95
Britiande,50.74
Cambres,50.98
Ferreirim,50.67
Ferreiros de Avões,47.42
Figueira,53.17
Lalim,50.31
Lamego (Almacave e Sé),45.97
Lazarim,53.87
Penajóia,51.28
Penude,49.30
Samodães,51.17
Sande,46.41
"União das freguesias de Bigorne, Magueija e Pretarouca",53.04
"União das freguesias de Cepões, Meijinhos e Melcões",49.69
União das freguesias de Parada do Bispo e Valdigem,51.35
Várzea de Abrunhais,51.89
Vila Nova de Souto d'El-Rei,52.51
Mesão Frio,49.60
Barqueiros,50.01
Cidadelhe,53.33
Mesão Frio (Santo André),48.18
Oliveira,47.77
Vila Marim,52.02
Moimenta da Beira,48.91
Alvite,51.46
Arcozelos,47.35
Baldos,52.03
Cabaços,53.97
Caria,53.08
Castelo,55.27
Leomil,49.07
Moimenta da Beira,41.62
Passô,52.79
Vila da Rua,54.39
Sarzedo,52.04
Sever,52.69
União das freguesias de Paradinha e Nagosa,53.65
"União das freguesias de Pêra Velha, Aldeia de Nacomba e Ariz",56.49
União das freguesias de Peva e Segões,56.04
Vilar,51.80
Murça,52.67
Candedo,54.86
Fiolhoso,57.84
Jou,60.59
Murça,47.66
União das freguesias de Carva e Vilares,53.44
União das freguesias de Noura e Palheiros,52.21
Valongo de Milhais,58.99
Penedono,52.03
Beselga,57.90
Castainço,56.54
Penela da Beira,58.43
Póvoa de Penela,47.31
Souto,53.25
União das freguesias de Antas e Ourozinho,56.97
União das freguesias de Penedono e Granja,48.08
Peso da Régua,48.10
Fontelas,49.76
Loureiro,52.66
Sedielos,51.59
União das freguesias de Galafura e Covelinhas,50.65
União das freguesias de Moura Morta e Vinhós,50.81
União das freguesias de Peso da Régua e Godim,46.09
União das freguesias de Poiares e Canelas,52.20
Vilarinho dos Freires,50.09
Sabrosa,50.68
Celeirós,49.79
Covas do Douro,53.36
Gouvinhas,51.43
Paços,48.51
Parada de Pinhão,56.62
Sabrosa,47.85
São Lourenço de Ribapinhão,52.39
Souto Maior,52.41
Torre do Pinhão,52.80
"União das freguesias de Provesende, Gouvães do Douro e São Cristóvão do Douro",52.18
União das freguesias de São Martinho de Antas e Paradela de Guiães,49.66
Vilarinho de São Romão,52.77
Santa Marta de Penaguião,50.87
Alvações do Corgo,51.56
Cumieira,52.27
Fontes,53.02
Medrões,50.45
Sever,53.30
União das freguesias de Lobrigos (São Miguel e São João Baptista) e Sanhoane,48.42
União das freguesias de Louredo e Fornelos,54.25
São João da Pesqueira,48.73
Castanheiro do Sul,50.94
Ervedosa do Douro,47.98
Nagozelo do Douro,50.62
Paredes da Beira,50.56
Riodades,54.40
Soutelo do Douro,47.03
União das freguesias de São João da Pesqueira e Várzea de Trevões,44.60
União das freguesias de Trevões e Espinhosa,54.59
União das freguesias de Vilarouco e Pereiros,52.72
Vale de Figueira,53.81
Valongo dos Azeites,47.15
Sernancelhe,51.11
Arnas,54.04
Carregal,57.01
Chosendo,53.78
Cunha,49.98
Faia,50.41
Granjal,51.25
Lamosa,59.47
Quintela,52.56
União das freguesias de Ferreirim e Macieira,52.27
União das freguesias de Fonte Arcada e Escurquela,54.82
União das freguesias de Penso e Freixinho,53.01
União das freguesias de Sernancelhe e Sarzeda,47.39
Vila da Ponte,47.61
Tabuaço,51.08
Adorigo,49.83
Arcos,53.99
Chavães,48.68
Desejosa,53.65
Granja do Tedo,52.10
Longa,55.77
Sendim,56.75
Tabuaço,47.28
União das freguesias de Barcos e Santa Leocádia,52.03
União das freguesias de Paradela e Granjinha,55.56
União das freguesias de Pinheiros e Vale de Figueira,51.02
União das freguesias de Távora e Pereiro,50.20
Valença do Douro,53.01
Tarouca,46.62
Mondim da Beira,49.86
Salzedas,48.61
São João de Tarouca,53.73
União das freguesias de Gouviães e Ucanha,52.54
União das freguesias de Granja Nova e Vila Chã da Beira,51.54
União das freguesias de Tarouca e Dálvares,42.96
Várzea da Serra,61.73
Torre de Moncorvo,54.92
Açoreira,58.26
Cabeça Boa,54.77
Carviçais,61.43
Castedo,53.33
Horta da Vilariça,56.81
Larinho,58.81
Lousa,60.80
Mós,62.26
Torre de Moncorvo,48.96
União das freguesias de Adeganha e Cardanha,58.64
União das freguesias de Felgar e Souto da Velha,54.95
União das freguesias de Felgueiras e Maçores,64.08
União das freguesias de Urros e Peredo dos Castelhanos,62.48
Vila Nova de Foz Côa,52.70
Almendra,55.74
Castelo Melhor,64.06
Cedovim,56.17
Chãs,59.50
Custóias,61.59
Freixo de Numão,55.91
Horta,56.16
Muxagata,56.44
Numão,54.55
Santa Comba,66.09
Sebadelhe,56.76
Seixas,54.59
Touça,53.77
Vila Nova de Foz Côa,48.08
Vila Real,46.20
Abaças,53.33
Andrães,47.60
Arroios,45.39
Campeã,53.44
Folhadela,47.07
Guiães,51.74
Lordelo,45.50
Mateus,43.32
Mondrões,48.69
Parada de Cunhos,44.68
Torgueda,50.35
União das freguesias de Adoufe e Vilarinho de Samardã,46.56
União das freguesias de Borbela e Lamas de Olo,44.91
União das freguesias de Constantim e Vale de Nogueiras,47.41
União das freguesias de Mouçós e Lamares,47.15
União das freguesias de Nogueira e Ermida,55.76
"União das freguesias de Pena, Quintã e Vila Cova",53.87
União das freguesias de São Tomé do Castelo e Justes,52.43
Vila Real,44.13
Vila Marim,47.36
Terras de Trás-os-Montes,51.26
Alfândega da Fé,53.67
Alfândega da Fé,47.07
Cerejais,68.16
Sambade,61.50
"União das freguesias de Agrobom, Saldonha e Vale Pereiro",59.73
"União das freguesias de Eucisia, Gouveia e Valverde",58.57
União das freguesias de Ferradosa e Sendim da Serra,63.33
União das freguesias de Gebelim e Soeima,56.74
União das freguesias de Parada e Sendim da Ribeira,54.37
União das freguesias de Pombal e Vales,56.56
Vilar Chão,58.25
Vilarelhos,54.80
Vilares de Vilariça,58.69
Bragança,47.99
Alfaião,53.37
Babe,61.36
Baçal,54.27
Carragosa,53.09
Castro de Avelãs,49.45
Coelhoso,66.21
Donai,50.45
Espinhosela,59.06
França,63.92
Gimonde,48.99
Gondesende,57.69
Gostei,50.01
Grijó de Parada,59.91
Macedo do Mato,67.99
Mós,54.36
Nogueira,49.31
Outeiro,69.11
Parâmio,55.40
Pinela,61.01
Quintanilha,63.99
Quintela de Lampaças,57.81
Rabal,59.41
Rebordãos,52
Salsas,64.40
Samil,46.07
Santa Comba de Rossas,55.99
São Pedro de Sarracenos,50.56
Sendas,60.41
Serapicos,60.01
Sortes,53.22
União das freguesias de Aveleda e Rio de Onor,66.28
União das freguesias de Castrelos e Carrazedo,61.65
"União das freguesias de Izeda, Calvelhe e Paradinha Nova",56.26
União das freguesias de Parada e Faílde,63.41
União das freguesias de Rebordainhos e Pombares,58.37
União das freguesias de Rio Frio e Milhão,59.80
União das freguesias de São Julião de Palácios e Deilão,63.48
"União das freguesias de Sé, Santa Maria e Meixedo",43.91
Zoio,53.39
Macedo de Cavaleiros,51.84
Amendoeira,50.86
Arcas,57.62
Carrapatas,54.45
Chacim,58.95
Cortiços,59.35
Corujas,57
Ferreira,53.27
Grijó,55.35
Lagoa,60.68
Lamalonga,54.05
Lamas,54.91
Lombo,63.13
Macedo de Cavaleiros,45.47
Morais,53.56
Olmos,55.20
Peredo,53.98
Salselas,62.78
Sezulfe,57.69
Talhas,64.05
União das freguesias de Ala e Vilarinho do Monte,56.95
União das freguesias de Bornes e Burga,57.71
União das freguesias de Castelãos e Vilar do Monte,55.73
"União das freguesias de Espadanedo, Edroso, Murçós e Soutelo Mourisco",56.27
União das freguesias de Podence e Santa Combinha,58.06
União das freguesias de Talhinhas e Bagueixe,57.11
Vale Benfeito,54.19
Vale da Porca,52.88
Vale de Prados,53.71
Vilarinho de Agrochão,55.69
Vinhas,66.86
Miranda do Douro,53.99
Duas Igrejas,59.23
Genísio,61.37
Malhadas,58.21
Miranda do Douro,47.12
Palaçoulo,52.76
Picote,62.89
Póvoa,58.57
São Martinho de Angueira,68.08
União das freguesias de Constantim e Cicouro,61.07
União das freguesias de Ifanes e Paradela,62.16
União das freguesias de Sendim e Atenor,51.15
União das freguesias de Silva e Águas Vivas,61.69
Vila Chã de Braciosa,59.64
Mirandela,50.30
Abambres,53.46
Abreiro,57.34
Aguieiras,56.34
Alvites,54.11
Bouça,60.37
Cabanelas,52.95
Caravelas,61.72
Carvalhais,49.59
Cedães,55.85
Cobro,56.17
Fradizela,65.27
Frechas,54.70
Lamas de Orelhão,54.58
Mascarenhas,55.53
Mirandela,45.31
Múrias,60.68
Passos,56.20
São Pedro Velho,62.83
São Salvador,52.64
Suçães,59.45
Torre de Dona Chama,57.60
União das freguesias de Avantos e Romeu,62.17
"União das freguesias de Avidagos, Navalho e Pereira",52.16
"União das freguesias de Barcel, Marmelos e Valverde da Gestosa",53.65
União das freguesias de Franco e Vila Boa,56.16
União das freguesias de Freixeda e Vila Verde,57.80
Vale de Asnes,54.05
Vale de Gouvinhas,59.96
Vale de Salgueiro,60.74
Vale de Telhas,56.63
Mogadouro,54.08
Azinhoso,59.83
Bemposta,55.98
Bruçó,63.48
Brunhoso,50.69
Castelo Branco,59.73
Castro Vicente,55.01
Meirinhos,54.91
Paradela,55.03
Penas Roias,59.31
Peredo da Bemposta,59.85
Saldanha,56.74
São Martinho do Peso,63.87
Tó,59.51
Travanca,67.46
"União das freguesias de Brunhozinho, Castanheira e Sanhoane",59.47
"União das freguesias de Mogadouro, Valverde, Vale de Porco e Vilar de Rei",48.94
União das freguesias de Remondes e Soutelo,55.64
União das freguesias de Vilarinho dos Galegos e Ventozelo,57.20
Urrós,61.98
Vale da Madre,51.54
Vila de Ala,58.13
Vila Flor,52.29
Benlhevai,48.59
Freixiel,59.44
Roios,53.64
Samões,47.97
Sampaio,53.67
Santa Comba de Vilariça,52.28
Seixo de Manhoses,54.18
Trindade,61.17
União das freguesias de Assares e Lodões,51.15
União das freguesias de Candoso e Carvalho de Egas,56.49
União das freguesias de Valtorno e Mourão,56.90
União das freguesias de Vila Flor e Nabo,48.73
União das freguesias de Vilas Boas e Vilarinho das Azenhas,56.23
Vale Frechoso,55.77
Vimioso,56.15
Argozelo,52.93
Carção,55.75
Matela,65.14
Pinelo,57.81
Santulhão,64.52
"União das freguesias de Algoso, Campo de Víboras e Uva",63.27
União das freguesias de Caçarelhos e Angueira,59.67
União das freguesias de Vale de Frades e Avelanoso,63.34
Vilar Seco,60.69
Vimioso,47.94
Vinhais,57.43
Agrochão,61.69
Candedo,63.48
Celas,54.83
Edral,62.82
Edrosa,63.56
Ervedosa,62.39
Paçó,55.73
Penhas Juntas,47.29
Rebordelo,59.21
Santalha,61.95
Tuizelo,62.02
União das freguesias de Curopos e Vale de Janeiro,59.02
União das freguesias de Moimenta e Montouto,58.18
União das freguesias de Nunes e Ousilhão,63.17
União das freguesias de Quirás e Pinheiro Novo,68.56
União das freguesias de Sobreiro de Baixo e Alvaredos,57.51
"União das freguesias de Soeira, Fresulfe e Mofreita",61.57
União das freguesias de Travanca e Santa Cruz,56.27
União das freguesias de Vilar de Lomba e São Jomil,56.25
Vale das Fontes,62.06
Vila Boa de Ousilhão,61
Vila Verde,64.25
Vilar de Ossos,54.96
Vilar de Peregrinos,61.04
Vilar Seco de Lomba,63.69
Vinhais,51.03
Centro,47.52
Oeste,45.72
Alcobaça,46.98
Alfeizerão,49.37
Aljubarrota,46.43
Bárrio,49.59
Benedita,44.71
Cela,48.84
Évora de Alcobaça,47.68
Maiorga,48.74
São Martinho do Porto,47.63
Turquel,43.93
União das freguesias de Alcobaça e Vestiaria,46.09
"União das freguesias de Coz, Alpedriz e Montes",49.88
União das freguesias de Pataias e Martingança,47.49
Vimeiro,49.51
Alenquer,43.17
Carnota,48.94
Meca,46.46
Olhalvo,48.61
Ota,44.38
União das freguesias de Abrigada e Cabanas de Torres,47.49
União das freguesias de Aldeia Galega da Merceana e Aldeia Gavinha,48.15
União das freguesias de Alenquer (Santo Estêvão e Triana),41.26
União das freguesias de Carregado e Cadafais,39.20
União das freguesias de Ribafria e Pereiro de Palhacana,46.52
Ventosa,49.21
Vila Verde dos Francos,48.87
Arruda dos Vinhos,42.56
Arranhó,43.74
Arruda dos Vinhos,41.31
Cardosas,47.54
S. Tiago dos Velhos,46.03
Bombarral,47.27
Carvalhal,49.59
Pó,44.39
Roliça,48.72
União das freguesias do Bombarral e Vale Covo,46.32
Cadaval,48.89
Alguber,50.72
Peral,49.47
União das freguesias de Lamas e Cercal,50.44
União das freguesias de Painho e Figueiros,49.25
União das freguesias do Cadaval e Pêro Moniz,45.92
Vermelha,47.73
Vilar,51.76
Caldas da Rainha,46.80
A dos Francos,50.02
Alvorninha,50.09
Carvalhal Benfeito,48.63
Foz do Arelho,50.50
Landal,47.73
Nadadouro,47.65
Salir de Matos,49.13
Santa Catarina,48.42
"União das freguesias de Caldas da Rainha - Nossa Senhora do Pópulo, Coto e São Gregório",46.14
União das freguesias de Caldas da Rainha - Santo Onofre e Serra do Bouro,43.99
União das freguesias de Tornada e Salir do Porto,48.45
Vidais,51
Lourinhã,45.97
Moita dos Ferreiros,47.71
Reguengo Grande,48.41
Ribamar,43.23
Santa Bárbara,43.43
União das freguesias de Lourinhã e Atalaia,45.76
União das freguesias de Miragaia e Marteleira,47.09
União das freguesias de São Bartolomeu dos Galegos e Moledo,46.99
Vimeiro,47.08
Nazaré,46.79
Famalicão,47.83
Nazaré,46.30
Valado dos Frades,47.99
Óbidos,47.27
A dos Negros,48.73
Amoreira,50.68
Gaeiras,45.02
Olho Marinho,47.25
"Santa Maria, São Pedro e Sobral da Lagoa",46.66
Usseira,47.28
Vau,49.37
Peniche,46.31
Atouguia da Baleia,46.12
Ferrel,44.83
Peniche,46.69
Serra d'El-Rei,46.87
Sobral de Monte Agraço,43.56
Santo Quintino,44.41
Sapataria,41.34
Sobral de Monte Agraço,44.73
Torres Vedras,44.97
Freiria,45.17
Ponte do Rol,44.72
Ramalhal,45.35
São Pedro da Cadeira,43.42
Silveira,44.17
Turcifal,45.32
União das freguesias de A dos Cunhados e Maceira,44.16
União das freguesias de Campelos e Outeiro da Cabeça,44.36
União das freguesias de Carvoeira e Carmões,49.31
União das freguesias de Dois Portos e Runa,50.06
União das freguesias de Maxial e Monte Redondo,48.49
"Santa Maria, São Pedro e Matacães",44.35
Ventosa,46.41
Região de Aveiro,45.64
Águeda,46.82
Aguada de Cima,45.82
Fermentelos,46.98
Macinhata do Vouga,47.85
União das freguesias de Águeda e Borralha,45.16
União das freguesias de Barrô e Aguada de Baixo,49.63
"União das freguesias de Belazaima do Chão, Castanheira do Vouga e Agadão",50.93
União das freguesias de Recardães e Espinhel,47.43
União das freguesias de Travassô e Óis da Ribeira,48.54
"União das freguesias de Trofa, Segadães e Lamas do Vouga",45.76
União das freguesias do Préstimo e Macieira de Alcoba,52.22
Valongo do Vouga,47.31
Albergaria-a-Velha,45.30
Albergaria-a-Velha e Valmaior,43.42
Alquerubim,47.15
Angeja,48.67
Branca,45.54
Ribeira de Fráguas,50.11
São João de Loure e Frossos,45.93
Anadia,49.01
Avelãs de Caminho,48.23
Avelãs de Cima,50.90
Moita,50.62
Sangalhos,47.03
São Lourenço do Bairro,49.67
"União das freguesias de Amoreira da Gândara, Paredes do Bairro e Ancas",50.47
União das freguesias de Arcos e Mogofores,47.17
"União das freguesias de Tamengos, Aguim e Óis do Bairro",48.47
Vila Nova de Monsarros,49.38
Vilarinho do Bairro,52.60
Aveiro,44.41
Aradas,43.68
Cacia,45.16
Eixo e Eirol,44.14
Esgueira,43.56
Oliveirinha,45.64
"Requeixo, Nossa Senhora de Fátima e Nariz",46.17
Santa Joana,45.11
São Bernardo,43.33
São Jacinto,50.40
União das freguesias de Glória e Vera Cruz,44.29
Estarreja,46.10
Avanca,46.76
Pardilhó,44.99
Salreu,48.86
União das freguesias de Beduído e Veiros,44.98
União das freguesias de Canelas e Fermelã,46.80
Ílhavo,44.64
Gafanha da Encarnação,43.86
Gafanha da Nazaré,43.74
Gafanha do Carmo,44.28
Ílhavo (São Salvador),45.75
Murtosa,45.68
Bunheiro,47.15
Monte,44.62
Murtosa,47.68
Torreira,42.59
Oliveira do Bairro,44.95
Oiã,43.52
Oliveira do Bairro,43.83
Palhaça,45.50
"União das freguesias de Bustos, Troviscal e Mamarrosa",47.68
Ovar,45
Cortegaça,45.77
Esmoriz,43.76
Maceda,46.47
"União das freguesias de Ovar, São João, Arada e São Vicente de Pereira Jusã",45.30
Válega,44.71
Sever do Vouga,49.30
Couto de Esteves,56.15
Pessegueiro do Vouga,48.59
Rocas do Vouga,52.81
Sever do Vouga,45.76
Talhadas,48.53
União das freguesias de Cedrim e Paradela,48.42
União das freguesias de Silva Escura e Dornelas,50.69
Vagos,45.48
Calvão,43.96
Gafanha da Boa Hora,42.70
Ouca,49.35
Santo André de Vagos,45.61
Sosa,46.96
União das freguesias de Fonte de Angeão e Covão do Lobo,48.20
União das freguesias de Ponte de Vagos e Santa Catarina,45.09
União das freguesias de Vagos e Santo António,44.80
Região de Coimbra,48.07
Arganil,51.35
Arganil,47.36
Benfeita,55.87
Celavisa,58.45
Folques,57.24
Piódão,55.63
Pomares,55.09
Pombeiro da Beira,55.50
São Martinho da Cortiça,49.63
Sarzedo,49.94
Secarias,50.28
União das freguesias de Cepos e Teixeira,62.94
União das freguesias de Cerdeira e Moura da Serra,59.71
União das freguesias de Côja e Barril de Alva,52.42
União das freguesias de Vila Cova de Alva e Anseriz,52.83
Cantanhede,49
Ançã,47
Cadima,48.47
Cordinhã,49.73
Febres,51.05
Murtede,52.23
Ourentã,50.06
Sanguinheira,48.38
São Caetano,52.03
Tocha,49.45
União das freguesias de Cantanhede e Pocariça,44.84
União das freguesias de Covões e Camarneira,54.47
União das freguesias de Portunhos e Outil,51.06
União das freguesias de Sepins e Bolho,52.39
União das freguesias de Vilamar e Corticeiro de Cima,51.52
Coimbra,46.63
Almalaguês,50.19
Brasfemes,46.05
Ceira,50.51
Cernache,47.78
Santo António dos Olivais,45.84
São João do Campo,48.54
São Silvestre,47.41
Torres do Mondego,51.73
União das freguesias de Antuzede e Vil de Matos,47.78
União das freguesias de Assafarge e Antanhol,46.47
"União das freguesias de Coimbra (Sé Nova, Santa Cruz, Almedina e São Bartolomeu)",46.65
União das freguesias de Eiras e São Paulo de Frades,45.03
União das freguesias de Santa Clara e Castelo Viegas,45.47
União das freguesias de São Martinho de Árvore e Lamarosa,47.77
União das freguesias de São Martinho do Bispo e Ribeira de Frades,47
União das freguesias de Souselas e Botão,48.63
"União das freguesias de Taveiro, Ameal e Arzila",48.34
União das freguesias de Trouxemil e Torre de Vilela,47.97
Condeixa-a-Nova,45.43
Anobra,46.13
Ega,49.59
Furadouro,51.11
União das freguesias de Condeixa-a-Velha e Condeixa-a-Nova,43.59
União das freguesias de Sebal e Belide,44
União das freguesias de Vila Seca e Bem da Fé,50.96
Zambujal,52.28
Figueira da Foz,48.49
Alhadas,49.42
Alqueidão,53.02
Bom Sucesso,52.16
Buarcos e São Julião,49.27
Ferreira-a-Nova,51.15
Lavos,50.10
Maiorca,50.47
Marinha das Ondas,45.41
Moinhos da Gândara,51.39
Paião,52.01
Quiaios,49.13
São Pedro,47.25
Tavarede,43.27
Vila Verde,49.71
Góis,53.84
Alvares,60.25
Góis,50.51
União das freguesias de Cadafaz e Colmeal,62.31
Vila Nova do Ceira,52.89
Lousã,45.42
Gândaras,48.20
Serpins,47.21
União das freguesias de Foz de Arouce e Casal de Ermio,47.02
União das freguesias de Lousã e Vilarinho,44.79
Mealhada,47.49
Barcouço,48.01
Casal Comba,48.48
Luso,49.65
Pampilhosa,46.48
"União das freguesias da Mealhada, Ventosa do Bairro e Antes",45.99
Vacariça,50.08
Mira,49.11
Carapelhos,48.18
Mira,50.11
Praia de Mira,46.18
Seixo,51.59
Miranda do Corvo,48.33
Lamas,49.69
Miranda do Corvo,47.08
União das freguesias de Semide e Rio Vide,49.90
Vila Nova,51.69
Montemor-o-Velho,47.26
Arazede,49.46
Carapinheira,49.43
Ereira,52.11
Liceia,49.22
Meãs do Campo,46.55
Pereira,41.09
Santo Varão,43.64
Seixo de Gatões,47.55
Tentúgal,48.09
"União das freguesias de Abrunheira, Verride e Vila Nova da Barca",54.58
União das freguesias de Montemor-o-Velho e Gatões,46.21
Mortágua,51.63
Cercosa,52.27
Espinho,54.99
Marmeleira,56.81
Pala,52.45
Sobral,51.48
Trezói,57.76
"União das freguesias de Mortágua, Vale de Remígio, Cortegaça e Almaça",49.40
Oliveira do Hospital,48.71
Aldeia das Dez,56.66
Alvoco das Várzeas,60.05
Avô,55.17
Bobadela,47.40
Lagares,47.71
Lourosa,49.60
Meruge,49.78
Nogueira do Cravo,48.33
São Gião,58.12
Seixo da Beira,49.64
Travanca de Lagos,49.66
União das freguesias de Ervedal e Vila Franca da Beira,52.68
União das freguesias de Lagos da Beira e Lajeosa,49.32
União das freguesias de Oliveira do Hospital e São Paio de Gramaços,44.38
União das freguesias de Penalva de Alva e São Sebastião da Feira,53.20
União das freguesias de Santa Ovaia e Vila Pouca da Beira,50.47
Pampilhosa da Serra,58.01
Cabril,59.43
Dornelas do Zêzere,58.99
Fajão-Vidual,59.10
Janeiro de Baixo,59.46
Pampilhosa da Serra,52.44
Pessegueiro,65.06
Portela do Fojo-Machio,64.88
Unhais-o-Velho,59.80
Penacova,50.93
Carvalho,53.98
Figueira de Lorvão,49.22
Lorvão,50.85
Penacova,50.32
Sazes do Lorvão,49.97
União das freguesias de Friúmes e Paradela,52.75
União das freguesias de Oliveira do Mondego e Travanca do Mondego,50.24
União das freguesias de São Pedro de Alva e São Paio de Mondego,53.31
Penela,50.57
Cumeeira,51.78
Espinhal,50.74
Podentes,50.17
"União das freguesias de São Miguel, Santa Eufémia e Rabaçal",50.29
Soure,51.01
Alfarelos,49.58
Figueiró do Campo,52.03
Granja do Ulmeiro,46.36
Samuel,54.64
Soure,49.88
Tapéus,53.66
União das freguesias de Degracias e Pombalinho,55.68
União das freguesias de Gesteira e Brunhós,54.65
Vila Nova de Anços,52.19
Vinha da Rainha,53.13
Tábua,49.06
Candosa,53.95
Carapinha,51.36
Midões,50.47
Mouronho,50.91
Póvoa de Midões,51.31
São João da Boa Vista,49.15
Tábua,44.95
União das freguesias de Ázere e Covelo,51.10
União das freguesias de Covas e Vila Nova de Oliveirinha,50.95
União das freguesias de Espariz e Sinde,50.29
União das freguesias de Pinheiro de Coja e Meda de Mouros,53.22
Vila Nova de Poiares,47.54
Arrifana,51.26
Lavegadas,53.74
Poiares (Santo André),45.93
São Miguel de Poiares,48.34
Região de Leiria,46.36
Alvaiázere,53.24
Almoster,56.69
Alvaiázere,50.05
Maçãs de Dona Maria,55.18
Pelmá,58.71
Pussos São Pedro,51.67
Ansião,50.61
Alvorge,55.38
Ansião,46.62
Avelar,48.83
Chão de Couce,52.27
Pousaflores,55.33
Santiago da Guarda,52.86
Batalha,44.92
Batalha,43.26
Golpilheira,45.22
Reguengo do Fetal,50.67
São Mamede,45.87
Castanheira de Pêra,53.91
União das freguesias de Castanheira de Pêra e Coentral,53.91
Figueiró dos Vinhos,52.50
Aguda,52.52
Arega,54.44
Campelo,55.46
União das freguesias de Figueiró dos Vinhos e Bairradas,51.93
Leiria,44.76
Amor,47.12
Arrabal,48.53
Bajouca,46.22
Bidoeira de Cima,45.65
Caranguejeira,46.83
Coimbrão,50.94
Maceira,47.71
Milagres,46.40
Regueira de Pontes,48.32
União das freguesias de Colmeias e Memória,50.27
"União das freguesias de Leiria, Pousos, Barreira e Cortes",42.58
União das freguesias de Marrazes e Barosa,42.44
União das freguesias de Monte Real e Carvide,47.45
União das freguesias de Monte Redondo e Carreira,46.66
União das freguesias de Parceiros e Azoia,42.51
União das freguesias de Santa Catarina da Serra e Chainça,46.98
União das freguesias de Santa Eufémia e Boa Vista,46.84
União das freguesias de Souto da Carpalhosa e Ortigosa,45.74
Marinha Grande,45.32
Marinha Grande,44.79
Moita,47.30
Vieira de Leiria,47.99
Pedrógão Grande,52.93
Graça,56.81
Pedrógão Grande,51.73
Vila Facaia,53.60
Pombal,48.31
Abiul,55.24
Almagreira,51.34
Carnide,49.14
Carriço,48.27
Louriçal,48.73
Meirinhas,45.25
Pelariga,49.78
Pombal,44.72
Redinha,50.83
"União das freguesias de Guia, Ilha e Mata Mourisca",48.09
União das freguesias de Santiago e São Simão de Litém e Albergaria dos Doze,53.32
Vermoil,49.17
Vila Cã,53.24
Porto de Mós,46.43
Alqueidão da Serra,49.79
Calvaria de Cima,43.66
Juncal,46.56
Mira de Aire,47.83
Pedreiras,45.95
Porto de Mós - São João Baptista e São Pedro,45.20
São Bento,49.23
Serro Ventoso,46.84
União das freguesias de Alvados e Alcaria,52.39
União das freguesias de Arrimal e Mendiga,45.19
Viseu Dão Lafões,48.03
Aguiar da Beira,53.93
Carapito,48.36
Cortiçada,58.93
Dornelas,58.53
Eirado,53.48
Forninhos,57.62
Pena Verde,54.20
Pinheiro,57.62
União das freguesias de Aguiar da Beira e Coruche,51.40
União das freguesias de Sequeiros e Gradiz,53.84
União das freguesias de Souto de Aguiar da Beira e Valverde,55.48
Carregal do Sal,49.42
Beijós,50.44
Cabanas de Viriato,52.41
Oliveira do Conde,49.61
Parada,52.07
Carregal do Sal,47.03
Castro Daire,50.65
Almofala,54.25
Cabril,55.60
Castro Daire,46.27
Cujó,56.86
Gosende,53.56
Mões,49.63
Moledo,56.67
Monteiras,50.72
Pepim,55.92
Pinheiro,57.77
São Joaninho,51.96
"União das freguesias de Mamouros, Alva e Ribolhos",50.72
União das freguesias de Mezio e Moura Morta,45.86
União das freguesias de Parada de Ester e Ester,57.31
União das freguesias de Picão e Ermida,56.90
União das freguesias de Reriz e Gafanhão,48.90
Mangualde,48.65
Abrunhosa-a-Velha,51.83
Alcafache,52.15
Cunha Baixa,52.54
Espinho,50.24
Fornos de Maceira Dão,49.42
Freixiosa,56.22
Quintela de Azurara,48.53
São João da Fresta,53.69
"União das freguesias de Mangualde, Mesquitela e Cunha Alta",46.72
União das freguesias de Moimenta de Maceira Dão e Lobelhe do Mato,48.83
União das freguesias de Santiago de Cassurrães e Póvoa de Cervães,51.43
"União das freguesias de Tavares (Chãs, Várzea e Travanca)",51.12
Nelas,48.94
Canas de Senhorim,48.67
Lapa do Lobo,53.81
Nelas,45.34
Senhorim,52.96
União das freguesias de Carvalhal Redondo e Aguieira,50.76
União das freguesias de Santar e Moreira,53.72
Vilar Seco,50.32
Oliveira de Frades,46.20
Arcozelo das Maias,48.76
Pinheiro,47.59
Ribeiradio,50.27
São João da Serra,54.33
São Vicente de Lafões,44.39
União das freguesias de Arca e Varzielas,53.20
União das freguesias de Destriz e Reigoso,50.91
"União das freguesias de Oliveira de Frades, Souto de Lafões e Sejães",42.01
Penalva do Castelo,51.41
Castelo de Penalva,57.48
Esmolfe,51.22
Germil,50.83
Ínsua,48.65
Lusinde,53.94
Pindo,49.41
Real,52.63
Sezures,49.71
Trancozelos,50.98
União das freguesias de Antas e Matela,58.93
União das freguesias de Vila Cova do Covelo/Mareco,58.61
Santa Comba Dão,50.06
Pinheiro de Ázere,52.05
São Joaninho,53.61
São João de Areias,52
União das freguesias de Ovoa e Vimieiro,50.69
União das freguesias de Santa Comba Dão e Couto do Mosteiro,47.68
União das freguesias de Treixedo e Nagozela,50.86
São Pedro do Sul,50.52
Bordonhos,45.36
Figueiredo de Alva,50.83
Manhouce,57.77
Pindelo dos Milagres,55.12
Pinho,52.56
São Félix,51.74
Serrazes,51.04
Sul,58.05
União das freguesias de Carvalhais e Candal,49.75
União das freguesias de Santa Cruz da Trapa e São Cristóvão de Lafões,47.52
União das freguesias de São Martinho das Moitas e Covas do Rio,61.23
"União das freguesias de São Pedro do Sul, Várzea e Baiões",47.52
Valadares,55.91
Vila Maior,53.97
Sátão,49.28
Avelal,56.72
Ferreira de Aves,53.41
Mioma,45.83
Rio de Moinhos,56.60
São Miguel de Vila Boa,47.82
Sátão,44.43
Silvã de Cima,50.46
União das freguesias de Águas Boas e Forles,56.48
"União das freguesias de Romãs, Decermilo e Vila Longa",54.26
Tondela,50.14
Campo de Besteiros,47.34
Canas de Santa Maria,51.36
Castelões,52.91
Dardavaz,51.85
Ferreirós do Dão,54.18
Guardão,57.34
Lajeosa do Dão,52.62
Lobão da Beira,50.19
Molelos,49.63
Parada de Gonta,53
Santiago de Besteiros,49.24
Tonda,49.01
União das freguesias de Barreiro de Besteiros e Tourigo,52.92
União das freguesias de Caparrosa e Silvares,52.50
União das freguesias de Mouraz e Vila Nova da Rainha,49.58
União das freguesias de São João do Monte e Mosteirinho,56.39
União das freguesias de São Miguel do Outeiro e Sabugosa,51.44
União das freguesias de Tondela e Nandufe,44.79
União das freguesias de Vilar de Besteiros e Mosteiro de Fráguas,50.64
Vila Nova de Paiva,50.61
Pendilhe,51.92
Queiriga,58.42
Touro,51.96
"União das freguesias de Vila Nova de Paiva, Alhais e Fráguas",47.82
Vila Cova à Coelheira,50.03
Viseu,45.34
Abraveses,43.84
Bodiosa,48.59
Calde,55.62
Campo,44.69
Cavernães,49.66
Cota,60.07
Fragosela,44.93
Lordosa,53.90
Mundão,40.67
Orgens,45.33
Povolide,50.06
Ranhados,41.67
Ribafeita,55.89
Rio de Loba,44.22
Santos Evos,49.79
São João de Lourosa,43.04
São Pedro de France,52.66
Silgueiros,50.56
União das freguesias de Barreiros e Cepões,53.69
"União das freguesias de Boa Aldeia, Farminhão e Torredeita",52.54
Coutos de Viseu,50.60
Freguesia de Fail e Vila Chã de Sá,43.57
Repeses e São Salvador,41.67
São Cipriano e Vil de Souto,47.14
Viseu,43.64
Vouzela,49.83
Alcofra,51.77
Campia,49.88
Fornelo do Monte,51.41
Queirã,51.40
São Miguel do Mato,51.78
União das freguesias de Cambra e Carvalhal de Vermilhas,48.70
União das freguesias de Fataunços e Figueiredo das Donas,49.31
União das freguesias de Vouzela e Paços de Vilharigues,47.31
Ventosa,51.58
Beira Baixa,51.18
Castelo Branco,48.45
Alcains,48.37
Almaceda,65.25
Benquerenças,53.88
Castelo Branco,45.04
Lardosa,53.53
Louriçal do Campo,57.51
Malpica do Tejo,62.44
Monforte da Beira,52.75
Salgueiro do Campo,56.75
Santo André das Tojeiras,68.73
São Vicente da Beira,55.74
Sarzedas,63.48
Tinalhas,55.29
União das freguesias de Cebolais de Cima e Retaxo,56.68
União das freguesias de Escalos de Baixo e Mata,55.42
União das freguesias de Escalos de Cima e Lousa,55.60
União das freguesias de Freixial e Juncal do Campo,59.40
União das freguesias de Ninho do Açor e Sobral do Campo,57.98
União das freguesias de Póvoa de Rio de Moinhos e Cafede,51.47
Idanha-a-Nova,55.73
Aldeia de Santa Margarida,59.83
Ladoeiro,53.43
Medelim,60.96
Oledo,58.96
Penha Garcia,63.02
Proença-a-Velha,64.38
Rosmaninhal,61.69
São Miguel de Acha,59.38
Toulões,65.37
União das freguesias de Idanha-a-Nova e Alcafozes,49.23
União das freguesias de Monfortinho e Salvaterra do Extremo,56.93
União das freguesias de Monsanto e Idanha-a-Velha,62.36
União das freguesias de Zebreira e Segura,52.74
Oleiros,58.04
Álvaro,60.12
Cambas,66.10
Estreito-Vilar Barroco,61.41
Isna,65.67
Madeirã,58.57
Mosteiro,60.11
Oleiros-Amieira,52.42
Orvalho,63.06
Sarnadas de São Simão,62.81
Sobral,62.26
Penamacor,57.73
Aranhas,54.64
Benquerença,61.05
Meimão,65.09
Meimoa,59.75
Penamacor,53.19
Salvador,54.26
"União das freguesias de Aldeia do Bispo, Águas e Aldeia de João Pires",59.66
União das freguesias de Pedrógão de São Pedro e Bemposta,59.35
Vale da Senhora da Póvoa,67.40
Proença-a-Nova,54.20
Montes da Senhora,59.83
São Pedro do Esteval,59.42
União das freguesias de Proença-a-Nova e Peral,51.01
União das freguesias de Sobreira Formosa e Alvito da Beira,59.52
Vila Velha de Ródão,56.70
Fratel,63.41
Perais,59.96
Sarnadas de Ródão,57.61
Vila Velha de Ródão,53.67
Médio Tejo,48.74
Abrantes,50.31
Bemposta,54.85
Carvalhal,57.92
Fontes,59.81
Martinchel,55.39
Mouriscas,55.39
Pego,52.64
Rio de Moinhos,54.09
Tramagal,53.99
União das freguesias de Abrantes (São Vicente e São João) e Alferrarede,46.16
União das freguesias de Aldeia do Mato e Souto,58.56
União das freguesias de Alvega e Concavada,52.24
União das freguesias de São Facundo e Vale das Mós,55.03
União das freguesias de São Miguel do Rio Torto e Rossio ao Sul do Tejo,52.18
Alcanena,48.29
Bugalhos,48.49
Minde,48.81
Moitas Venda,48.70
Monsanto,51.23
Serra de Santo António,48.66
União das freguesias de Alcanena e Vila Moreira,46.33
"União das freguesias de Malhou, Louriceira e Espinheiro",51.42
Constância,47.09
Constância,46.11
Montalvo,44.51
Santa Margarida da Coutada,49.67
Entroncamento,44.23
Nossa Senhora de Fátima,42.54
São João Baptista,47.21
Ferreira do Zêzere,50.26
Águas Belas,47.23
Beco,51.72
Chãos,54.33
Ferreira do Zêzere,46.01
Igreja Nova do Sobral,55.29
Nossa Senhora do Pranto,50.63
União das freguesias de Areias e Pias,54.77
Mação,56.20
Amêndoa,61.30
Cardigos,59.07
Carvoeiro,59.15
Envendos,62.31
Ortiga,59.97
"União das freguesias de Mação, Penhascoso e Aboboreira",52.06
Ourém,47.25
Alburitel,50.64
Atouguia,46.88
Caxarias,46.88
Espite,53.41
Fátima,45.47
Nossa Senhora da Piedade,43.77
Nossa Senhora das Misericórdias,47.02
Seiça,51.21
"União das freguesias de Freixianda, Ribeira do Fárrio e Formigais",50.15
União das freguesias de Gondemaria e Olival,48.59
União das freguesias de Matas e Cercal,48.24
União das freguesias de Rio de Couros e Casal dos Bernardos,52.15
Urqueira,53.10
Sardoal,51.50
Alcaravela,52.90
Santiago de Montalegre,54.32
Sardoal,50.38
Valhascos,53.38
Sertã,49.93
Cabeçudo,48.97
Carvalhal,48.50
Castelo,52.19
Pedrógão Pequeno,54.10
Sertã,45.78
Troviscal,56.58
"União das freguesias de Cernache do Bonjardim, Nesperal e Palhais",51.13
União das freguesias de Cumeada e Marmeleiro,57.15
União das freguesias de Ermida e Figueiredo,62.50
Várzea dos Cavaleiros,56.24
Tomar,49.77
Asseiceira,51.28
Carregueiros,48.41
Olalhas,53.32
Paialvo,51.85
Sabacheira,54.52
São Pedro de Tomar,50.05
União das freguesias de Além da Ribeira e Pedreira,54
União das freguesias de Casais e Alviobeira,50.53
União das freguesias de Madalena e Beselga,50.17
União das freguesias de Serra e Junceira,52.57
União das freguesias de Tomar (São João Baptista) e Santa Maria dos Olivais,48.03
Torres Novas,48.17
Assentiz,51.01
Chancelaria,52.68
Meia Via,46.78
Pedrógão,50.55
Riachos,48.11
"União das freguesias de Brogueira, Parceiros de Igreja e Alcorochel",50.29
União das freguesias de Olaia e Paço,50.31
"União das freguesias de Torres Novas (Santa Maria, Salvador e Santiago)",46.17
"União das freguesias de Torres Novas (São Pedro), Lapas e Ribeira Branca",46.75
Zibreira,50.61
Vila de Rei,54.50
Fundada,59.89
São João do Peso,68.25
Vila de Rei,52.66
Vila Nova da Barquinha,47.50
Atalaia,46.43
Praia do Ribatejo,52.33
Tancos,50.93
Vila Nova da Barquinha,45.92
Beiras e Serra da Estrela,51.04
Almeida,57.50
Almeida,53.28
Castelo Bom,65.78
Freineda,63.08
Freixo,54.76
Malhada Sorda,63.17
Nave de Haver,68.58
São Pedro de Rio Seco,61.36
"União das freguesias de Amoreira, Parada e Cabreira",56.75
"União das freguesias de Azinhal, Peva e Valverde",68.66
"União das freguesias de Castelo Mendo, Ade, Monteperobolso e Mesquitela",65.47
União das freguesias de Junça e Naves,58.68
"União das freguesias de Leomil, Mido, Senouras e Aldeia Nova",64.90
União das freguesias de Malpartida e Vale de Coelha,62.21
União das freguesias de Miuzela e Porto de Ovelha,58.89
Vale da Mula,56.49
Vilar Formoso,52.35
Belmonte,50.96
Caria,52.10
Inguias,53.23
Maçainhas,55.56
União das freguesias de Belmonte e Colmeal da Torre,49.60
Celorico da Beira,52.13
Baraçal,52.18
Carrapichana,55.17
Casas do Soeiro,48.94
Forno Telheiro,52.34
Lajeosa do Mondego,53.02
Linhares,54.96
Maçal do Chão,49.22
Mesquitela,52.01
Minhocal,54.87
Prados,61.42
Ratoeira,54.34
União das freguesias de Açores e Velosa,50.01
União das freguesias de Celorico (São Pedro e Santa Maria) e Vila Boa do Mondego,49.02
"União das freguesias de Cortiçô da Serra, Vide entre Vinhas e Salgueirais",57.79
União das freguesias de Rapa e Cadafaz,60.13
Vale de Azares,55.61
Covilhã,49.24
Aldeia de São Francisco de Assis,54.96
Boidobra,43.95
Cortes do Meio,53.02
Dominguizo,48.58
Erada,56.81
Ferro,48.43
Orjais,51.82
Paul,53.25
Peraboa,53.33
São Jorge da Beira,62.02
Sobral de São Miguel,64.29
Tortosendo,46.16
Unhais da Serra,54.08
União das freguesias de Barco e Coutada,56.31
União das freguesias de Cantar-Galo e Vila do Carvalho,53.05
União das freguesias de Casegas e Ourondo,60.27
União das freguesias de Covilhã e Canhoso,47.37
União das freguesias de Peso e Vales do Rio,51.03
União das freguesias de Teixoso e Sarzedo,49.64
União das freguesias de Vale Formoso e Aldeia do Souto,51.97
Verdelhos,55.37
Figueira de Castelo Rodrigo,53.16
Castelo Rodrigo,57.41
Escalhão,57.62
Figueira de Castelo Rodrigo,46.08
Mata de Lobos,59.95
"União das freguesias de Algodres, Vale de Afonsinho e Vilar de Amargo",62.91
União das freguesias de Almofala e Escarigo,62.84
União das freguesias de Cinco Vilas e Reigada,56.11
"União das freguesias de Freixeda do Torrão, Quintã de Pêro Martins e Penha de Águia",58.65
União das freguesias do Colmeal e Vilar Torpim,51.90
Vermiosa,49.23
Fornos de Algodres,52.92
Algodres,53.29
Casal Vasco,59.97
Figueiró da Granja,53.02
Fornos de Algodres,49.36
Infias,44.85
Maceira,58.51
Matança,58.20
Muxagata,50.22
Queiriz,54.88
União das freguesias de Cortiçô e Vila Chã,54.72
"União das freguesias de Juncais, Vila Ruiva e Vila Soeiro do Chão",56.08
União das freguesias de Sobral Pichorro e Fuinhas,58.03
Fundão,50.68
Alcaide,54.18
Alcaria,50.07
Alcongosta,49.12
Alpedrinha,51.58
Barroca,59.83
Bogas de Cima,57.49
Capinha,54.26
Castelejo,54.69
Castelo Novo,49.92
Enxames,55.89
Fatela,49.37
Lavacolhos,58.83
Orca,60.80
Pêro Viseu,48.28
Silvares,52.16
Soalheira,55.45
Souto da Casa,51.76
Telhado,50.41
Três Povos,61.45
"União das freguesias de Fundão, Valverde, Donas, Aldeia de Joanes e Aldeia Nova do Cabo",46.86
União das freguesias de Janeiro de Cima e Bogas de Baixo,61.58
União das freguesias de Póvoa de Atalaia e Atalaia do Campo,55.42
União das freguesias de Vale de Prazeres e Mata da Rainha,56.42
Gouveia,53.52
Arcozelo,53.70
Cativelos,60.23
Folgosinho,55.57
Gouveia,52.77
Nespereira,52.58
Paços da Serra,50.07
Ribamondego,53.73
São Paio,55.88
União das freguesias de Aldeias e Mangualde da Serra,53.05
União das freguesias de Figueiró da Serra e Freixo da Serra,57.05
União das freguesias de Melo e Nabais,57.26
União das freguesias de Moimenta da Serra e Vinhó,52.21
União das freguesias de Rio Torto e Lagarinhos,52.77
Vila Cortês da Serra,54.43
Vila Franca da Serra,53.85
Vila Nova de Tazem,50.41
Guarda,47.35
Adão,55.67
Aldeia do Bispo,48.14
Aldeia Viçosa,61.21
Alvendre,49.24
Arrifana,47.50
Avelãs da Ribeira,57.53
Benespera,59.44
Casal de Cinza,50.25
Castanheira,58.70
Cavadoude,48.34
Codesseiro,51.84
Faia,60.74
Famalicão,54.25
Fernão Joanes,64.38
Gonçalo,55.68
Gonçalo Bocas,50.19
Guarda,43.84
Jarmelo São Miguel,58.52
Jarmelo São Pedro,56.99
João Antão,52.01
Maçainhas,49.39
Marmeleiro,62.20
Meios,52.88
Panoias de Cima,49.24
Pega,62.13
Pêra do Moço,50.72
Porto da Carne,58.31
Ramela,54.04
Santana da Azinha,57.80
Sobral da Serra,53.89
União de freguesias de Avelãs de Ambom e Rocamondo,48.97
União de freguesias de Corujeira e Trinta,55.21
"União de freguesias de Mizarela, Pêro Soares e Vila Soeiro",59.01
União de freguesias de Pousade e Albardo,60.14
União de freguesias de Rochoso e Monte Margarida,68.48
Vale de Estrela,51.36
Valhelhas,52.47
Vela,61.88
Videmonte,56.07
Vila Cortês do Mondego,51.61
Vila Fernando,50.09
Vila Franca do Deão,49.68
Vila Garcia,46.04
Manteigas,53.57
Manteigas (Santa Maria),50.45
Manteigas (São Pedro),54.98
Sameiro,54.30
Vale de Amoreira,63.54
Mêda,53.86
Aveloso,47.96
Barreira,64.16
Coriscada,66.91
Longroiva,60.89
Marialva,64.21
Poço do Canto,57.14
Rabaçal,54.42
Ranhados,57.94
"Mêda, Outeiro de Gatos e Fonte Longa",49.38
Prova e Casteição,56.86
"União das freguesias de Vale Flor, Carvalhal e Pai Penela",59.64
Pinhel,54.26
Agregação das freguesias Sul de Pinhel,53.44
Alto do Palurdo,58.61
Alverca da Beira/Bouça Cova,58.75
Ervedosa,61.30
Freixedas,55.43
Lamegal,64.45
Lameiras,59.85
Manigoto,65.77
Pala,58.29
Pinhel,47.52
Pínzio,61.12
Souro Pires,52.56
Terras de Massueime,60.83
União das freguesias de Atalaia e Safurdão,64.57
Valbom/Bogalhal,63.53
Vale do Côa,65.97
Vale do Massueime,63.57
Vascoveiro,56.40
Sabugal,57.28
Águas Belas,56.25
Aldeia da Ponte,63.38
Aldeia do Bispo,68.93
Aldeia Velha,62.09
Alfaiates,61.88
Baraçal,51.71
Bendada,60.36
Bismula,62.46
Casteleiro,63.83
Cerdeira,51.70
Fóios,61.37
Malcata,65.02
Nave,60.19
Quadrazais,61.40
Quintas de São Bartolomeu,51.56
Rapoula do Côa,54.49
Rebolosa,61.89
Rendo,52.06
Sortelha,57.41
Souto,54.12
"União das freguesias de Aldeia da Ribeira, Vilar Maior e Badamalos",59.03
União das freguesias de Lajeosa e Forcalhos,62.75
"União das freguesias de Pousafoles do Bispo, Pena Lobo e Lomba",64.70
"União das freguesias de Ruvina, Ruivós e Vale das Éguas",62.65
União das freguesias de Santo Estêvão e Moita,61.12
União das freguesias de Seixo do Côa e Vale Longo,62.41
União das freguesias do Sabugal e Aldeia de Santo António,49.14
Vale de Espinho,65.21
Vila Boa,51.84
Vila do Touro,66.45
Seia,51.71
Alvoco da Serra,61.08
Girabolhos,61.15
Loriga,59.37
Paranhos,53.12
Pinhanços,52.46
Sabugueiro,52.49
Sandomil,55.35
Santa Comba,52.15
Santiago,49.38
Sazes da Beira,64.38
Teixeira,64.53
Travancinha,49.82
União das freguesias de Carragozela e Várzea de Meruge,49.62
União das freguesias de Sameice e Santa Eulália,53
União das freguesias de Santa Marinha e São Martinho,54.07
"União das freguesias de Seia, São Romão e Lapa dos Dinheiros",48.23
União das freguesias de Torrozelo e Folhadosa,56.65
União das freguesias de Tourais e Lajes,50.62
União das freguesias de Vide e Cabeça,61.87
Valezim,57.42
Vila Cova à Coelheira,50.01
Trancoso,52.85
Aldeia Nova,63.20
Castanheira,52.01
Cogula,59.57
Cótimos,60.21
Fiães,54.44
Granja,56.09
Guilheiro,53.80
Moimentinha,54.41
Moreira de Rei,58.82
Palhais,55.79
Póvoa do Concelho,52.79
Reboleiro,63.81
Rio de Mel,54.87
Tamanhos,54.96
União das freguesias de Freches e Torres,53.96
"União das freguesias de Torre do Terrenho, Sebadelhe da Serra e Terrenho",55.53
União das freguesias de Trancoso (São Pedro e Santa Maria) e Souto Maior,47.70
União das freguesias de Vale do Seixo e Vila Garcia,60.72
União das freguesias de Vila Franca das Naves e Feital,50.64
União das freguesias de Vilares e Carnicães,57.02
Valdujo,61.80
Área Metropolitana de Lisboa,43.78
Área Metropolitana de Lisboa,43.78
Alcochete,41.96
Alcochete,42.42
Samouco,42.05
São Francisco,39.51
Almada,45.07
Costa da Caparica,46.28
"União das freguesias de Almada, Cova da Piedade, Pragal e Cacilhas",48.11
União das freguesias de Caparica e Trafaria,43
União das freguesias de Charneca de Caparica e Sobreda,43.46
União das freguesias de Laranjeiro e Feijó,44.26
Amadora,43.74
Águas Livres,44.25
Alfragide,42.53
Encosta do Sol,42.76
Falagueira-Venda Nova,46.07
Mina de Água,42.15
Venteira,45.59
Barreiro,45.68
Santo António da Charneca,43.67
"União das freguesias de Alto do Seixalinho, Santo André e Verderena",46.76
União das freguesias de Barreiro e Lavradio,45.16
União das freguesias de Palhais e Coina,42.96
Cascais,44.56
Alcabideche,43.26
São Domingos de Rana,42.53
União das freguesias de Carcavelos e Parede,46.02
União das freguesias de Cascais e Estoril,46.27
Lisboa,44.79
Ajuda,46.89
Alcântara,45.01
Alvalade,45.25
Areeiro,45.02
Arroios,43.29
Avenidas Novas,44.69
Beato,46.37
Belém,45.81
Benfica,47.82
Campo de Ourique,44.89
Campolide,45.70
Carnide,44.92
Estrela,42.96
Lumiar,43.30
Marvila,45.22
Misericórdia,45.96
Olivais,47.41
Parque das Nações,40.44
Penha de França,45.03
Santa Clara,39.45
Santa Maria Maior,44.22
Santo António,44.41
São Domingos de Benfica,46.22
São Vicente,45.48
Loures,43.63
Bucelas,46.53
Fanhões,44.87
Loures,42.68
Lousa,46.14
"União das freguesias de Camarate, Unhos e Apelação",42.14
União das freguesias de Moscavide e Portela,48.20
União das freguesias de Sacavém e Prior Velho,42.35
"União das freguesias de Santa Iria de Azoia, São João da Talha e Bobadela",44.90
União das freguesias de Santo Antão e São Julião do Tojal,44.73
União das freguesias de Santo António dos Cavaleiros e Frielas,40.96
Mafra,41.88
Carvoeira,42.54
Encarnação,44.03
Ericeira,42.72
Mafra,40.74
Milharado,39.87
Santo Isidoro,43.77
União das freguesias de Azueira e Sobral da Abelheira,45.83
"União das freguesias de Enxara do Bispo, Gradil e Vila Franca do Rosário",43.43
União das freguesias de Igreja Nova e Cheleiros,42.94
União das freguesias de Malveira e São Miguel de Alcainça,40.22
União das freguesias de Venda do Pinheiro e Santo Estêvão das Galés,41.42
Moita,43.65
Alhos Vedros,42.03
Moita,44.13
União das freguesias de Baixa da Banheira e Vale da Amoreira,44.14
União das freguesias de Gaio-Rosário e Sarilhos Pequenos,44.93
Montijo,41.91
Canha,51.63
Sarilhos Grandes,46
União das freguesias de Atalaia e Alto Estanqueiro-Jardia,43
União das freguesias de Montijo e Afonsoeiro,40.90
União das freguesias de Pegões,43.79
Odivelas,42.99
Odivelas,42.60
União das freguesias de Pontinha e Famões,43.58
União das freguesias de Póvoa de Santo Adrião e Olival Basto,44.86
União das freguesias de Ramada e Caneças,42.01
Oeiras,44.91
Barcarena,42.63
Porto Salvo,43.03
"União das freguesias de Algés, Linda-a-Velha e Cruz Quebrada-Dafundo",45.63
União das freguesias de Carnaxide e Queijas,43.52
"União das freguesias de Oeiras e São Julião da Barra, Paço de Arcos e Caxias",46.24
Palmela,43.92
Palmela,45.60
Pinhal Novo,42.48
Quinta do Anjo,42.90
União das freguesias de Poceirão e Marateca,46.43
Seixal,43.51
Amora,44.39
Corroios,43.78
Fernão Ferro,43.09
"União das freguesias do Seixal, Arrentela e Aldeia de Paio Pires",42.46
Sesimbra,43.35
Quinta do Conde,40.79
Sesimbra (Castelo),44.84
Sesimbra (Santiago),53.57
Setúbal,44.61
Gâmbia-Pontes-Alto da Guerra,41.64
Sado,46.84
Setúbal (São Sebastião),42.98
União das freguesias de Azeitão (São Lourenço e São Simão),44.28
"União das freguesias de Setúbal (São Julião, Nossa Senhora da Anunciada e Santa Maria da Graça)",47.29
Sintra,42.07
Algueirão-Mem Martins,41.31
Casal de Cambra,40.04
Colares,46.38
Rio de Mouro,40.62
União das freguesias de Agualva e Mira-Sintra,43.13
"União das freguesias de Almargem do Bispo, Pêro Pinheiro e Montelavar",44.82
União das freguesias de Massamá e Monte Abraão,42.97
União das freguesias de Queluz e Belas,41.97
União das freguesias de São João das Lampas e Terrugem,44.60
"União das freguesias de Sintra (Santa Maria e São Miguel, São Martinho e São Pedro de Penaferrim)",43.76
União das freguesias do Cacém e São Marcos,39.36
Vila Franca de Xira,42.30
"União das freguesias de Alhandra, São João dos Montes e Calhandriz",44.86
União das freguesias de Alverca do Ribatejo e Sobralinho,43.03
União das freguesias de Castanheira do Ribatejo e Cachoeiras,43.52
União das freguesias de Póvoa de Santa Iria e Forte da Casa,41.08
Vialonga,39.49
Vila Franca de Xira,44.52
Alentejo,47.40
Alentejo Litoral,47.06
Alcácer do Sal,49.66
Comporta,48.21
São Martinho,58.76
Torrão,51.03
União das freguesias de Alcácer do Sal (Santa Maria do Castelo e Santiago) e Santa Susana,49.11
Grândola,47.53
Azinheira dos Barros e São Mamede do Sádão,50.58
Carvalhal,44.79
Melides,52.96
União das freguesias de Grândola e Santa Margarida da Serra,47.01
Odemira,45.63
Boavista dos Pinheiros,41.62
Colos,53.86
Longueira/Almograve,41.70
Luzianes-Gare,52.41
Relíquias,51.58
Sabóia,56.61
Santa Clara-a-Velha,55.92
São Luís,50.54
São Martinho das Amoreiras,53.33
São Salvador e Santa Maria,46.69
São Teotónio,42.12
Vale de Santiago,53.30
Vila Nova de Milfontes,43.60
Santiago do Cacém,48.42
Abela,53.96
Alvalade,50.89
Cercal,50.87
Ermidas-Sado,48.63
Santo André,46.05
São Francisco da Serra,52.86
"União das freguesias de Santiago do Cacém, Santa Cruz e São Bartolomeu da Serra",48.17
União das freguesias de São Domingos e Vale de Água,53.77
Sines,44.87
Porto Covo,48.62
Sines,44.55
Baixo Alentejo,47.58
Aljustrel,48.28
Ervidel,52.51
Messejana,51.80
São João de Negrilhos,49.40
União das freguesias de Aljustrel e Rio de Moinhos,46.85
Almodôvar,50.27
Aldeia dos Fernandes,48.62
Rosário,49.99
Santa Cruz,58.09
São Barnabé,65.64
União das freguesias de Almodôvar e Graça dos Padrões,47.11
União das freguesias de Santa Clara-a-Nova e Gomes Aires,55.45
Alvito,48.10
Alvito,47.48
Vila Nova da Baronia,48.77
Barrancos,48.23
Barrancos,48.23
Beja,45.23
Baleizão,46.62
Beringel,49.91
Cabeça Gorda,48.78
Nossa Senhora das Neves,47.98
Santa Clara de Louredo,51.11
São Matias,44.23
União das freguesias de Albernoa e Trindade,50.36
União das freguesias de Beja (Salvador e Santa Maria da Feira),42.88
União das freguesias de Beja (Santiago Maior e São João Baptista),44.92
União das freguesias de Salvada e Quintos,46.66
União das freguesias de Santa Vitória e Mombeja,49.24
União das freguesias de Trigaches e São Brissos,47.39
Castro Verde,47.74
Entradas,52.63
Santa Bárbara de Padrões,54.55
São Marcos da Ataboeira,53.15
União das freguesias de Castro Verde e Casével,45.98
Cuba,46.99
Cuba,44.95
Faro do Alentejo,46.37
Vila Alva,58.66
Vila Ruiva,51.64
Ferreira do Alentejo,48.11
Figueira dos Cavaleiros,49.62
Odivelas,51.39
União das freguesias de Alfundão e Peroguarda,45.94
União das freguesias de Ferreira do Alentejo e Canhestros,48
Mértola,53.45
Alcaria Ruiva,52.50
Corte do Pinto,54.39
Espírito Santo,55.72
Mértola,50.51
Santana de Cambas,56.21
São João dos Caldeireiros,52.78
"União das freguesias de São Miguel do Pinheiro, São Pedro de Solis e São Sebastião dos Carros",59.31
Moura,46.01
Amareleja,48.07
Póvoa de São Miguel,47.09
Sobral da Adiça,46.01
União das freguesias de Moura (Santo Agostinho e São João Baptista) e Santo Amador,44.61
União das freguesias de Safara e Santo Aleixo da Restauração,50.06
Ourique,51.50
Ourique,48.02
Santana da Serra,59.92
União das freguesias de Garvão e Santa Luzia,55.38
União das freguesias de Panoias e Conceição,53.08
Serpa,48.62
Brinches,51.70
Pias,48.13
União das freguesias de Serpa (Salvador e Santa Maria),47.12
União das freguesias de Vila Nova de São Bento e Vale de Vargo,49.50
Vila Verde de Ficalho,51.60
Vidigueira,47.63
Pedrógão,48.50
Selmes,52.43
Vidigueira,46.37
Vila de Frades,46.13
Lezíria do Tejo,46.54
Almeirim,46.38
Almeirim,44.84
Benfica do Ribatejo,49.08
Fazendas de Almeirim,47.73
Raposa,52.22
Alpiarça,48.30
Alpiarça,48.30
Azambuja,45.37
Alcoentre,46.85
Aveiras de Baixo,48.04
Aveiras de Cima,45.15
Azambuja,42.73
"União das freguesias de Manique do Intendente, Vila Nova de São Pedro e Maçussa",52.89
Vale do Paraíso,49.51
Vila Nova da Rainha,40.50
Benavente,42.99
Barrosa,48.04
Benavente,43.53
Samora Correia,42.23
Santo Estêvão,45.66
Cartaxo,46.45
Pontével,47.92
União das freguesias de Ereira e Lapa,49.87
União das freguesias do Cartaxo e Vale da Pinta,44.66
Valada,52.06
Vale da Pedra,48.41
Vila Chã de Ourique,47.56
Chamusca,50.14
Carregueira,50.81
Ulme,50.66
União das freguesias da Chamusca e Pinheiro Grande,48.60
União das freguesias de Parreira e Chouto,50.58
Vale de Cavalos,54.42
Coruche,50.92
Biscainho,52.15
Branca,50.04
Couço,55.97
Santana do Mato,51.47
São José da Lamarosa,54.42
"União das freguesias de Coruche, Fajarda e Erra",49.28
Golegã,48.36
Azinhaga,50.18
Golegã,47.54
Pombalinho,49.33
Rio Maior,45.34
Alcobertas,46.31
Arrouquelas,52.03
Asseiceira,43.19
Fráguas,48.27
Rio Maior,43.73
São Sebastião,51.01
União das freguesias de Azambujeira e Malaqueijo,48.75
União das freguesias de Marmeleira e Assentiz,47.30
União das freguesias de Outeiro da Cortiçada e Arruda dos Pisões,49.06
União das freguesias de São João da Ribeira e Ribeira de São João,48.56
Salvaterra de Magos,47.23
Marinhais,46.98
Muge,49.09
União das freguesias de Glória do Ribatejo e Granho,50.08
União das freguesias de Salvaterra de Magos e Foros de Salvaterra,46.15
Santarém,46.83
Abitureiras,50.33
Abrã,47.53
Alcanede,48.74
Alcanhões,49.48
Almoster,50.93
Amiais de Baixo,48.75
Arneiro das Milhariças,50.78
Gançaria,50.27
Moçarria,50.05
Pernes,53.18
Póvoa da Isenta,47.41
"União das freguesias de Achete, Azoia de Baixo e Póvoa de Santarém",49.16
União das freguesias de Azoia de Cima e Tremês,50.16
União das freguesias de Casével e Vaqueiros,50.59
União das freguesias de Romeira e Várzea,48.52
União de freguesias da cidade de Santarém,44.33
União das freguesias de São Vicente do Paul e Vale de Figueira,51.46
Vale de Santarém,47.08
Alto Alentejo,49.09
Alter do Chão,51.94
Alter do Chão,49.56
Chancelaria,56.64
Cunheira,55.34
Seda,57.64
Arronches,50.51
Assunção,49.25
Esperança,53.23
Mosteiros,52.46
Avis,50.43
Aldeia Velha,57.82
Avis,49.21
Ervedal,50.41
Figueira e Barros,48.67
União das freguesias de Alcórrego e Maranhão,48.02
União das freguesias de Benavila e Valongo,52.53
Campo Maior,44.71
Nossa Senhora da Expectação,43.85
Nossa Senhora da Graça dos Degolados,45.68
São João Baptista,45.39
Castelo de Vide,52.68
Nossa Senhora da Graça de Póvoa e Meadas,57.77
Santa Maria da Devesa,50.29
Santiago Maior,46.60
São João Baptista,55.72
Crato,54.64
Aldeia da Mata,62.83
Gáfete,57.63
Monte da Pedra,57.38
"União das freguesias de Crato e Mártires, Flor da Rosa e Vale do Peso",52.03
Elvas,45.91
"Assunção, Ajuda, Salvador e Santo Ildefonso",44.93
"Caia, São Pedro e Alcáçova",44.09
Santa Eulália,50.03
São Brás e São Lourenço,45.21
São Vicente e Ventosa,48.52
União das freguesias de Barbacena e Vila Fernando,55.14
União das freguesias de Terrugem e Vila Boim,48.87
Fronteira,51.16
Cabeço de Vide,51.28
Fronteira,50.69
São Saturnino,54
Gavião,56.45
Belver,64.48
Comenda,56.90
Margem,57.47
União das freguesias de Gavião e Atalaia,52.81
Marvão,52.77
Beirã,50.28
Santa Maria de Marvão,59.43
Santo António das Areias,52.61
São Salvador da Aramenha,51.61
Monforte,47.48
Assumar,47.43
Monforte,45.95
Santo Aleixo,51.66
Vaiamonte,47.36
Nisa,55.28
Alpalhão,52.34
Montalvão,65.13
Santana,72.34
São Matias,62.28
Tolosa,56.38
União das freguesias de Arez e Amieira do Tejo,63.71
"União das freguesias de Espírito Santo, Nossa Senhora da Graça e São Simão",51.86
Ponte de Sor,49.21
Foros de Arrão,54.80
Galveias,53.57
Longomel,52.64
Montargil,54.34
"União das freguesias de Ponte de Sor, Tramaga e Vale de Açor",47.09
Portalegre,47.77
Alagoa,51.63
Alegrete,54.58
Fortios,47.21
União das freguesias da Sé e São Lourenço,46.29
União das freguesias de Reguengo e São Julião,52.81
União das freguesias de Ribeira de Nisa e Carreiras,48.73
Urra,50.40
Sousel,50.82
Cano,51.88
Casa Branca,53.75
Santo Amaro,50.61
Sousel,48.65
Alentejo Central,47.66
Alandroal,51.32
Capelins (Santo António),55.54
Santiago Maior,51.98
Terena (São Pedro),54.02
"União das freguesias de Alandroal (Nossa Senhora da Conceição), São Brás dos Matos (Mina do Bugalho) e Juromenha (Nossa Senhora do Loreto)",49.01
Arraiolos,48.91
Arraiolos,46.65
Igrejinha,44.77
União das freguesias de Gafanhoeira (São Pedro) e Sabugueiro,52.17
União das freguesias de São Gregório e Santa Justa,52.96
Vimieiro,54.09
Borba,49.37
Borba (Matriz),48.49
Borba (São Bartolomeu),55.87
Orada,49.88
Rio de Moinhos,48.69
Estremoz,49.18
Arcos,51.91
Évora Monte (Santa Maria),53.27
Glória,52.66
São Domingos de Ana Loura,51.16
União das freguesias de Estremoz (Santa Maria e Santo André),47.40
União das freguesias de São Bento do Cortiço e Santo Estêvão,52.01
União das freguesias de São Lourenço de Mamporcão e São Bento de Ana Loura,52.66
União das freguesias do Ameixial (Santa Vitória e São Bento),51.36
Veiros,51.94
Évora,45.45
Canaviais,43.37
Nossa Senhora da Graça do Divor,46.25
Nossa Senhora de Machede,48.06
São Bento do Mato,52.18
São Miguel de Machede,51.01
Torre de Coelheiros,51.49
União das freguesias de Bacelo e Senhora da Saúde,45.16
"União das freguesias de Évora (São Mamede, Sé, São Pedro e Santo Antão)",47.41
União das freguesias de Malagueira e Horta das Figueiras,44.31
União das freguesias de Nossa Senhora da Tourega e Nossa Senhora de Guadalupe,46.16
União das freguesias de São Manços e São Vicente do Pigeiro,49.90
União das freguesias de São Sebastião da Giesteira e Nossa Senhora da Boa Fé,52.04
Montemor-o-Novo,49.20
Cabrela,57.41
Ciborro,54.01
Foros de Vale de Figueira,52.50
Santiago do Escoural,53.94
São Cristóvão,55.71
União das freguesias de Cortiçadas de Lavre e Lavre,54.92
"União das freguesias de Nossa Senhora da Vila, Nossa Senhora do Bispo e Silveiras",46.80
Mora,53.95
Brotas,58.06
Cabeção,58.61
Mora,51.44
Pavia,54.17
Mourão,47.37
Granja,51.92
Luz,50
Mourão,45.34
Portel,48.39
Monte do Trigo,47.53
Portel,47.87
Santana,48.06
União das freguesias de Amieira e Alqueva,55.29
União das freguesias de São Bartolomeu do Outeiro e Oriola,47.55
Vera Cruz,46.85
Redondo,48.22
Montoito,49.63
Redondo,47.95
Reguengos de Monsaraz,47.45
Corval,50.37
Monsaraz,52.37
Reguengos de Monsaraz,45.52
União das freguesias de Campo e Campinho,52.78
Vendas Novas,48.03
Landeira,49.05
Vendas Novas,47.97
Viana do Alentejo,47.12
Aguiar,44.48
Alcáçovas,48.34
Viana do Alentejo,47.09
Vila Viçosa,48.34
Bencatel,47.34
Ciladas,53.62
Nossa Senhora da Conceição e São Bartolomeu,47.83
Pardais,47.24
Algarve,45.44
Algarve,45.44
Albufeira,42.99
Albufeira e Olhos de Água,42.59
Ferreiras,41.71
Guia,43.69
Paderne,47.98
Alcoutim,58.37
Giões,59.64
Martim Longo,56.03
União das freguesias de Alcoutim e Pereiro,58.80
Vaqueiros,62.86
Aljezur,47.55
Aljezur,47.20
Bordeira,51.35
Odeceixe,46.77
Rogil,48.08
Castro Marim,50.33
Altura,49.19
Azinhal,58.74
Castro Marim,47.63
Odeleite,62.89
Faro,44.45
Montenegro,41.35
Santa Bárbara de Nexe,48.96
União das freguesias de Conceição e Estoi,46.04
União das freguesias de Faro (Sé e São Pedro),44.31
Lagoa,45.29
Ferragudo,51.68
Porches,45.83
União das freguesias de Estômbar e Parchal,43.88
União das freguesias de Lagoa e Carvoeiro,45.24
Lagos,46.27
Luz,49.05
Odiáxere,45.02
União das freguesias de Bensafrim e Barão de São João,49.68
São Gonçalo de Lagos,45.57
Loulé,45.34
Almancil,43.98
Alte,54.85
Ameixial,60.21
Boliqueime,47.03
Loulé (São Clemente),44.01
Loulé (São Sebastião),46.31
Quarteira,43.84
Salir,52.86
"União de freguesias de Querença, Tôr e Benafim",53.55
Monchique,51.83
Alferce,54.86
Marmelete,54.82
Monchique,51.08
Olhão,44.55
Olhão,45.16
Pechão,42.91
Quelfes,41.98
União das freguesias de Moncarapacho e Fuseta,49.10
Portimão,44.36
Alvor,46.10
Mexilhoeira Grande,47.23
Portimão,43.88
São Brás de Alportel,46.53
São Brás de Alportel,46.53
Silves,46.08
Armação de Pêra,43.03
São Bartolomeu de Messines,48.68
São Marcos da Serra,54.89
Silves,46.90
União das freguesias de Alcantarilha e Pêra,45.84
União das freguesias de Algoz e Tunes,43.11
Tavira,48.58
Cachopo,67.52
Santa Catarina da Fonte do Bispo,54.84
Santa Luzia,48.88
União das freguesias de Conceição e Cabanas de Tavira,50.58
União das freguesias de Luz de Tavira e Santo Estêvão,49.79
União das freguesias de Tavira (Santa Maria e Santiago),46.40
Vila do Bispo,47.59
Barão de São Miguel,44.33
Budens,48.52
Sagres,48.54
Vila do Bispo e Raposeira,46.44
Vila Real de Santo António,46.25
Monte Gordo,46.20
Vila Nova de Cacela,48.58
Vila Real de Santo António,45.49
Região Autónoma dos Açores,41.73
Região Autónoma dos Açores,41.73
Região Autónoma dos Açores,41.73
Angra do Heroísmo,43.38
Altares,43.58
Angra (Nossa Senhora da Conceição),46.30
Angra (Santa Luzia),49.07
Angra (São Pedro),46.02
Angra (Sé),49.42
Cinco Ribeiras,44.76
Doze Ribeiras,46.06
Feteira,40.43
Porto Judeu,42.56
Posto Santo,40.32
Raminho,46.30
Ribeirinha,42.86
Santa Bárbara,42.17
São Bartolomeu de Regatos,40.09
São Bento,42.94
São Mateus da Calheta,39.63
Serreta,44.24
Terra Chã,40.45
Vila de São Sebastião,43.17
Calheta,45.80
Calheta,44.91
Norte Pequeno,48.11
Ribeira Seca,47.16
Santo Antão,45.26
Topo (Nossa Senhora do Rosário),45.33
Corvo,42.33
Corvo,42.33
Horta,43.85
Capelo,44.12
Castelo Branco,41.78
Cedros,46.81
Feteira,41.65
Flamengos,41.17
Horta (Angústias),46.31
Horta (Conceição),44.68
Horta (Matriz),46.86
Pedro Miguel,41.91
Praia do Almoxarife,39.76
Praia do Norte,43.01
Ribeirinha,41.73
Salão,46.73
Lagoa,39.07
Água de Pau,38.85
Cabouco,37.22
Lagoa (Nossa Senhora do Rosário),40.19
Lagoa (Santa Cruz),38.35
Ribeira Chã,41.18
Lajes das Flores,45.34
Fajã Grande,44.91
Fajãzinha,50.18
Fazenda,43.44
Lajedo,48.35
Lajes das Flores,46.60
Lomba,41.42
Mosteiro,50.45
Lajes do Pico,46.51
Calheta de Nesquim,49.26
Lajes do Pico,44.59
Piedade,47.96
Ribeiras,47.64
Ribeirinha,46.40
São João,47.72
Madalena,43.73
Bandeiras,40.60
Candelária,44.94
Criação Velha,42.66
Madalena,43.35
São Caetano,46.19
São Mateus,46.93
Nordeste,44.40
Achada,46.39
Achadinha,43.36
Algarvia,47.48
Lomba da Fazenda,42.86
Nordeste,46.84
Salga,40.88
Santana,42.62
Santo António de Nordestinho,43.97
São Pedro de Nordestinho,43.46
Ponta Delgada,41.14
Ajuda da Bretanha,37.69
Arrifes,38.85
Candelária,41.02
Capelas,39.85
Covoada,39.94
Fajã de Baixo,41.59
Fajã de Cima,40.67
Fenais da Luz,36.22
Feteiras,38.02
Ginetes,42.82
Mosteiros,44.25
Pilar da Bretanha,42.81
Ponta Delgada (São José),44.85
Ponta Delgada (São Pedro),42.43
Ponta Delgada (São Sebastião),44.78
Relva,40.76
Remédios,41.67
Rosto do Cão (Livramento),39.33
Rosto do Cão (São Roque),40.21
Santa Bárbara,37.77
Santa Clara,44.23
Santo António,41.86
São Vicente Ferreira,38.95
Sete Cidades,41.07
Povoação,42.69
Água Retorta,40.90
Faial da Terra,46.06
Furnas,41.45
Nossa Senhora dos Remédios,43.05
Povoação,43.79
Ribeira Quente,41.12
Ribeira Grande,37.16
Calhetas,36.83
Fenais da Ajuda,38.90
Lomba da Maia,40.44
Lomba de São Pedro,37.38
Maia,39.75
Pico da Pedra,39.17
Porto Formoso,41.67
Rabo de Peixe,33.21
Ribeira Grande (Conceição),38.28
Ribeira Grande (Matriz),38.86
Ribeira Seca,38
Ribeirinha,36.60
Santa Bárbara,38.72
São Brás,40.81
Santa Cruz da Graciosa,44.24
Guadalupe,45.31
Luz,42.73
Santa Cruz da Graciosa,43.12
São Mateus,46.76
Santa Cruz das Flores,43.92
Caveira,39.80
Cedros,44
Ponta Delgada,46
Santa Cruz das Flores,43.74
São Roque do Pico,45.23
Prainha,47.49
Santa Luzia,43.24
Santo Amaro,52.19
Santo António,42.77
São Roque do Pico,44.98
Velas,44.96
Manadas (Santa Bárbara),44.85
Norte Grande (Neves),47.77
Rosais,45.12
Santo Amaro,43.93
Urzelina (São Mateus),43.47
Velas (São Jorge),45.41
Vila da Praia da Vitória,43.17
Agualva,46.07
Biscoitos,43.75
Cabo da Praia,44.10
Fonte do Bastardo,42.45
Fontinhas,43.54
Lajes,41.23
Porto Martins,41.90
Praia da Vitória (Santa Cruz),43.14
Quatro Ribeiras,44.80
São Brás,43.35
Vila Nova,44.96
Vila do Porto,42.46
Almagreira,39.38
Santa Bárbara,45.05
Santo Espírito,44.39
São Pedro,39.27
Vila do Porto,43.26
Vila Franca do Campo,40.82
Água de Alto,40.35
Ponta Garça,40.43
Ribeira das Tainhas,42.83
Ribeira Seca,39.31
Vila Franca do Campo (São Miguel),42.39
Vila Franca do Campo (São Pedro),39.58
Região Autónoma da Madeira,44.44
Região Autónoma da Madeira,44.44
Região Autónoma da Madeira,44.44
Calheta,47.24
Arco da Calheta,46.24
Calheta,45.88
Estreito da Calheta,47.41
Fajã da Ovelha,51.60
Jardim do Mar,51.43
Paul do Mar,46.87
Ponta do Pargo,49.16
Prazeres,49.12
Câmara de Lobos,40.85
Câmara de Lobos,39.51
Curral das Freiras,45.64
Estreito de Câmara de Lobos,41.05
Jardim da Serra,44.52
Quinta Grande,42.20
Funchal,45.59
Funchal (Santa Luzia),47.81
Funchal (Santa Maria Maior),48.04
Funchal (São Pedro),46.47
Funchal (Sé),48.52
Imaculado Coração de Maria,47.38
Monte,48.29
Santo António,43.07
São Gonçalo,48.84
São Martinho,44.30
São Roque,45.60
Machico,45.29
Água de Pena,40.10
Caniçal,43.04
Machico,46.51
Porto da Cruz,48.55
Santo António da Serra,47.71
Ponta do Sol,44.95
Canhas,44.22
Madalena do Mar,48.63
Ponta do Sol,45.13
Porto Moniz,49.55
Achadas da Cruz,54.33
Porto Moniz,49.48
Ribeira da Janela,55.24
Seixal,46.94
Porto Santo,45.11
Porto Santo,45.11
Ribeira Brava,44.42
Campanário,43.32
Ribeira Brava,44.63
Serra de Água,47.12
Tabua,45.15
Santa Cruz,41.50
Camacha,44.34
Caniço,39.84
Gaula,43.04
Santa Cruz,43.22
Santo António da Serra,46
Santana,49.27
Arco de São Jorge,50.78
Faial,49.24
Ilha,56.34
Santana,47.86
São Jorge,51.96
São Roque do Faial,47.78
São Vicente,48.31
Boa Ventura,50.93
Ponta Delgada,48.82
São Vicente,47.16
